user_id,age,signup_days_ago,stated_favorite_genres,affinity_Action,affinity_Comedy,affinity_Action-Comedy,affinity_Crime,affinity_Spy-Thriller,affinity_Sci-Fi,affinity_Drama,affinity_Romance,affinity_Horror,affinity_Animation,affinity_Thriller,affinity_Mystery,affinity_Fantasy,affinity_Documentary
1,70,1489,Mystery|Comedy|Animation,0.07275111029861504,0.12121363266946494,0.00031713518620699315,0.06800352657109655,0.0006844892846748024,0.009754877449569715,0.03915036370276308,0.015254651091468915,0.02668690254274728,0.09894999154193801,0.06693768900968065,0.40470515621206155,0.07450099468950445,0.00108947975020802
2,53,942,Spy-Thriller|Drama|Mystery,0.023074346256748767,0.004316541163915978,0.04311427456220006,0.10406504611448779,0.24210605283891337,0.015063940131825515,0.2046289945929435,0.012330889360794878,0.002016860208646173,1.284713463636051e-06,0.1017859116587512,0.1788845483362561,0.06738506912595506,0.0012262409350978667
3,71,305,Sci-Fi|Thriller|Fantasy,0.06418507705017545,0.08630687067569524,0.06248721031447128,4.455173536708645e-05,0.005699753477152063,0.2682246774506061,0.00021932178474728888,0.012480338664438338,0.06188137936201903,0.09822732947317574,0.20896637123503636,2.0773098066866333e-05,0.12846537503557331,0.002790970643475675
4,32,1254,Drama|Spy-Thriller|Animation,0.03753380202227139,0.00791314556866176,0.027982907389790538,0.0002008422282792676,0.2600837870265538,0.038129327599506636,0.29736661782014956,0.04135115397270903,0.0034147766142965147,0.1293754232125429,0.001626694354804122,0.022546767926098665,0.09061036220563767,0.04186439205869841
5,46,281,Romance|Thriller|Documentary,0.03541705994452163,0.0002814649933788874,4.79845536749754e-05,0.008488410879929902,0.0004670149409421732,0.0016326800374205377,0.03495850448274588,0.37861223097455804,0.08892693573592256,0.02244185086137354,0.28476874747144415,0.020954336846725454,0.008598705132160902,0.11440407314520121
6,67,189,Horror|Crime|Mystery,0.04527882424872037,0.04276638151652787,0.0721715555313688,0.19718688549039184,3.218756365709924e-05,0.009962124463154485,0.08987198924052868,0.022635138574439204,0.24404415610763994,5.081796412043333e-05,0.06507253314442223,0.16106533292779684,0.006669888295552907,0.04319218493167927
7,64,262,Comedy|Drama|Action,0.11657287651373187,0.44524088824536606,0.0011349039740914425,0.0019773316101153455,0.05978550185861992,0.003676042589932351,0.13671876079272363,0.038138928591591764,4.92836611580943e-06,0.0013561469107579958,0.001113635675953105,0.09049896415280956,0.0038343485983737317,0.09994674211981723
8,30,825,Crime|Documentary|Horror,0.0007714247270308556,0.014270972071364033,0.023891607302579606,0.3812275709553584,0.032886448885936365,0.0005225290585783654,0.016282774666173984,0.03927266122069887,0.1058220243683062,0.09478659341371552,0.0005635037341764115,0.10136119278852045,0.029387473285456857,0.15895322352210406
9,74,1009,Horror|Spy-Thriller|Comedy,0.023703143194681035,0.09632354600858663,0.038413668109301934,0.007540771348796409,0.2197359602396429,0.0003163059916289927,0.002260801828543653,0.014848019763230396,0.48217073194635995,0.011971209538454538,0.001254452822438093,0.00019988362517738473,0.0743576503960509,0.0269038551871071
10,39,956,Horror|Drama|Action,0.09915903959540244,3.336394051416005e-05,0.0023087571883099777,0.020878984523013948,4.558093415812681e-05,0.07456646672589194,0.15350245358355075,0.07958042321531865,0.36281604371176024,0.05445375339505812,0.05431226022511793,0.08744917334610779,0.007790780968493258,0.0031029186473026647
11,18,507,Mystery|Spy-Thriller|Thriller,0.012917051776035714,0.009425178849152437,0.00706520725345221,0.04660333248699844,0.2779248326166297,0.018461706270048096,0.024147813633154592,0.04017912999092499,0.005130728854629887,0.0021215939069501163,0.12154203551915198,0.3225126761264865,0.0312605102590014,0.08070820245738397
12,23,1106,Fantasy|Romance|Crime,0.05605296174522358,0.04505982860875851,0.027841557512232842,0.11122764342786444,0.03191641808262764,0.0008814316231464794,0.06710127115096318,0.117509374197607,0.012076784431902143,0.1104234476333542,0.015034513695863883,0.0018523971639076093,0.38593534298150123,0.01708702774504727
13,22,104,Action|Drama|Fantasy,0.21344474247663345,0.01652519278182554,0.10225188294155843,0.0005391042110209013,0.014450077008123023,0.004924317069441633,0.17642855116925688,0.0004224199666248284,0.09350325352643356,0.14501693618040704,0.002956229199843074,0.0658377909746232,0.16367367258797255,2.582990623598811e-05
14,36,184,Crime|Horror|Romance,0.05552296622232428,0.005398923012786793,0.00015220955501599347,0.36343056740043767,0.0832572827647783,6.274725917971121e-05,0.0010714148502109907,0.10449727545281222,0.19199748812848758,0.0991409362317813,0.00740972347945854,0.0001346924570897699,7.169575164752184e-05,0.08785207743398955
15,34,1131,Sci-Fi|Action-Comedy|Animation,0.008132795317263951,0.0802499965337357,0.1833578769912659,0.0045221813305114655,0.028093414320147374,0.24343064487053495,0.10384031523525632,0.003710918207377601,0.028883553272995282,0.16455349915352135,0.06133348810646599,0.012452100991225333,0.06381641210874742,0.013622803560951415
16,56,1713,Sci-Fi|Comedy|Spy-Thriller,0.1061339573228124,0.16335822142549158,0.029727983675602098,0.018995740635490643,0.12540057413398,0.42404231044540314,0.04747904161005194,0.013483439656322432,0.04173956846849177,0.00033895504550490274,0.0001770025817887188,0.015693077448455817,0.013423775049654339,6.35250095007975e-06
17,57,987,Romance|Spy-Thriller|Comedy,0.03623572724231687,0.11992670164415337,0.034475353305170375,0.023109101072252135,0.19005584703754103,0.008564098747719733,0.0046502722616537165,0.38435251717392616,0.057650964991409245,0.0007769804394856891,0.05311141076917482,0.0037766336721808506,0.011212894111180257,0.0721014975318359
18,32,384,Fantasy|Horror|Romance,0.0002701947028736815,0.1237817309619851,0.04527332299009862,0.0775579006347386,0.01071506656573285,0.008774976923906908,0.02130077141925187,0.13092887870426753,0.2054068942530732,0.12939926330724302,0.0231388576294442,0.0004701672469155292,0.2212340405994516,0.001747934061017322
19,72,979,Romance|Sci-Fi|Mystery,2.7134518576544466e-05,0.037590497224616444,0.01139145009819725,0.08990736501982781,0.0849032667670589,0.16337834383922245,0.13329831620779806,0.1822587984716162,0.001229231095883974,0.03591130854039906,0.09821047106380315,0.14204674669406947,0.01975224283779257,9.482762113812823e-05
20,61,1706,Action|Crime|Documentary,0.4762210358423052,0.064170190048501,0.02121563495222007,0.16704023614322563,2.4247429176285402e-05,4.828464697514873e-05,0.035625348389249425,0.05753554793342834,0.048225344374169074,4.894479405929382e-05,0.028210056237874568,1.253378225529235e-07,0.009415511525451697,0.09221949234554176
21,34,1794,Action-Comedy|Spy-Thriller|Drama,0.01602082682899594,0.03254797237601071,0.41995306086417655,0.0006868305731521285,0.15409203858241646,0.03485037951580973,0.08215601161058785,0.0316190317210288,0.057071638899265593,0.026458727410345096,0.006011423666959472,0.045355272748900395,0.022639782981292347,0.07053700222105888
22,31,83,Comedy|Animation|Romance,0.005006583209833283,0.2901307409850766,0.09906742862624025,0.06545389995293802,0.005347375480436822,0.0017796765359877156,0.007976938093318502,0.12870290937803244,0.023771988525805064,0.14663382774204048,0.12560950620107053,0.0653055485661568,0.035168137936774,4.5438766289686437e-05
23,66,1366,Horror|Mystery|Animation,0.012638823759438122,0.05880098358029651,0.022984919697211673,0.001750809946021895,0.0003792921309417961,0.00820556588028214,0.04103571796872256,4.729420372013031e-08,0.45077425852308617,0.07746255960453176,0.026945887074468017,0.2722841368821952,0.014553344724708844,0.012183652933891644
24,46,1598,Mystery|Thriller|Horror,0.004011627301779868,0.023226805998457917,0.0014151072777306719,0.0011444379288746544,1.3297861942478065e-06,2.7897720745132265e-05,0.03939718112863864,0.15749850432464216,0.1617409224905609,0.0017220230949978198,0.1641057411290945,0.27472369862331575,0.045589384322151705,0.125395338872816
25,16,1191,Thriller|Documentary|Spy-Thriller,0.09025520665252404,0.035590570095668767,0.0005501864871124369,0.0035948464078714285,0.14491759511022742,0.018278405471510228,0.0025266702738727526,0.004013553084340157,1.1421259640391521e-05,0.0018514204759885159,0.3937270375061331,0.00018510471917592084,0.01522016377221013,0.2892778186837246
26,53,1462,Horror|Thriller|Romance,0.0028150608106800247,0.0035464129990139454,0.024946764196281605,0.0426988473785217,0.026483694956514935,0.07712255696663588,0.011632895189488006,0.14370425100926643,0.32041336310321183,0.0019463718465891368,0.1756243954484303,0.016554826532255318,0.13147726367325152,0.021033295889859253
27,42,404,Romance|Documentary|Action-Comedy,0.11123942390736327,0.0006007265947142283,0.18547044004656751,0.0005348066427588199,0.08039808002750698,0.016602209576001132,0.018170661939771997,0.34566411827998034,0.0029136317309411677,0.016547267196213744,0.0018167856872873956,0.011395129288044495,0.0005223368570293568,0.20812438222581953
28,36,1168,Crime|Romance|Drama,0.0026482319445355405,0.026737478384165188,7.722177911636767e-05,0.5025163634456455,0.03077252768513073,0.005700581140715223,0.10592236375324625,0.2586728298873417,0.0002461418824879923,0.009107276848816088,0.0005214605634232767,0.05326708022392266,0.0019783182786758773,0.0018321241827775863
29,64,869,Mystery|Romance|Action-Comedy,0.1271523973817635,0.020869015378369198,0.14419419599451364,0.004833652740360103,0.0012565924254773926,0.000793624896831082,0.007402703492684244,0.24596579713719202,0.016667044794370395,0.007642493186344904,0.0025948051734262434,0.3219587635684934,0.047911834703344904,0.05075707912682909
30,30,1278,Comedy|Documentary|Fantasy,0.000972296503714557,0.39079226524802013,0.035316105605494905,0.0049770909768533786,0.0007530497568871415,0.009045783529248508,0.022753474126211818,0.08153861328807469,0.001410063219244871,0.0105075145498836,0.010585914616768284,0.047343730730494395,0.1072954048546334,0.2767086929944703
31,68,1124,Fantasy|Spy-Thriller|Mystery,3.290287433850732e-08,0.00012327207925959868,0.0007682599085573168,0.04106028551469685,0.22583196759911348,0.06291358627007333,0.046318435741192536,0.019744121279752995,0.008833024374059412,0.0502326842017241,4.1763466291357997e-05,0.17265804811685323,0.3046327497975568,0.06684176874799451
32,49,1220,Comedy|Romance|Action,0.10773598420153596,0.34604198697587374,0.0773111534230295,0.02414862703211026,0.001273759327696543,0.08459456189449713,0.013825757211081926,0.1448989580961553,0.006857435215205354,0.0013656793745746535,0.0016242770080328124,0.087387689952168,0.004188011924301885,0.09874611836373694
33,52,579,Thriller|Animation|Spy-Thriller,0.003437458598535827,0.006080957581789092,0.010560935094345827,8.598879277231435e-06,0.12258075347148435,0.013732499256411155,0.10538839836593746,0.03341359186347352,0.0030818976622273564,0.18770843875685303,0.4321342238455951,0.06216844952377648,0.016745899714042244,0.0029578973862513704
34,48,353,Animation|Fantasy|Sci-Fi,0.005042070747334346,0.016079747981260564,0.11826174641385863,0.0017206628498002436,0.009786655983067327,0.13648112374808088,0.09347792179214658,0.014197176649275884,0.017366189506474606,0.2957680159677213,0.00019121548805668036,0.10222095120305304,0.18878148463423433,0.000625037035635654
35,19,70,Romance|Animation|Action-Comedy,0.043156538585565424,0.06561638250621431,0.1291229265483924,0.00103396736746754,0.05341571419734166,0.00022168545704730688,0.02744099178044786,0.3229445257137404,0.04143764142350324,0.2026029635087811,0.06254574076829347,0.002904975473000307,0.0010584722694233714,0.04649747440078152
36,69,786,Action-Comedy|Fantasy|Drama,0.07648618313052362,0.0025386355903955155,0.23183914754118387,0.04679250325857478,0.0005750129318739397,0.11377621576656782,0.1224010788713279,0.12112275867263851,0.01801602410195146,0.004349690227005588,0.0010699680302211699,0.0028635137788654745,0.1812516470020865,0.07691762109678392
37,50,1789,Action|Comedy|Sci-Fi,0.2489854244712422,0.2448799251622084,0.004866842833227975,0.009545934236457427,0.05129884271875354,0.18145303788009762,2.4465608037498982e-05,0.05962933257738864,0.0073360802097960035,0.12194241665171739,0.05013010967312006,0.008099673659334007,0.011807906409210707,7.909408475481135e-09
38,41,1239,Comedy|Sci-Fi|Action,0.12500640290312287,0.48581481212434613,0.05757312046478146,0.00031771861786264243,0.09667482274576436,0.14488242097059195,0.0011397280551986198,0.042772156742301566,0.002451025441034098,0.021390203011199316,0.00026437769986635426,0.01328365213865626,0.007037897296062029,0.0013916617892123782
39,58,783,Documentary|Thriller|Comedy,0.0011447521892570067,0.12412591677182985,0.04422597667273202,0.013159470762622418,0.05568856302665891,0.002638683850469712,0.038686099243025796,0.021953275431743764,0.0012928830302034325,0.0036153697321227338,0.24180087978385498,0.016975955406581495,0.026951811434419267,0.40774036266447855
40,18,54,Thriller|Mystery|Documentary,0.010262859164389007,0.04010125247174998,0.059167962188980704,0.009609766965178524,0.014549352443072565,0.0018539269563075185,0.015579615131065642,0.039178867351251534,0.005546621142490628,0.06190957264192732,0.38085067219047514,0.2961977404046034,2.391858287285492e-07,0.06519155176267927
41,67,1589,Animation|Drama|Action,0.15964170630276958,0.051972425676554364,6.633466318020375e-07,0.018827538873872132,0.025445075406390214,0.011374656041184943,0.1878568151455553,0.06310375369642383,0.0045634277943916194,0.3590393389869677,0.0009729699376830655,0.04822143903635013,0.03524317111169318,0.03373701864353221
42,35,858,Thriller|Documentary|Action,0.15765663358428708,0.00886200478937741,1.5497470944469878e-05,0.025504130213176247,0.0018799643831811303,0.01517615335940944,5.6079024939549344e-05,0.03433781228538486,0.0012690307393180952,0.012103638081208052,0.41191486648519177,0.13224381308885125,0.00032265101191238435,0.19865772548281824
43,41,913,Action-Comedy|Comedy|Fantasy,0.04737298838947204,0.15675674279937482,0.21843890816863992,0.0005046655849994962,0.09466071429179052,0.022312399439949355,0.025863299074905147,0.0016638308129298682,0.11799654963608956,0.09190832345147927,0.0006121025592330155,0.023453359159106967,0.1512960399373191,0.047160076694710985
44,38,876,Fantasy|Mystery|Horror,0.02496507456707301,0.025807918187395303,0.00044901728230643844,0.03576178315170436,0.002650128129365321,0.051406096206642146,0.00014387932634781785,0.00027158277533160526,0.06559396609189821,0.05692234180865634,0.0049268490806949235,0.08085764923052247,0.6495792461331176,0.0006644680289445375
45,41,1276,Action|Fantasy|Documentary,0.42658093386745427,0.11318070017587795,0.0026342669102015336,0.06452204711404678,0.0006954911388243718,0.035870277843252606,0.023229740346549156,0.029114920263925266,0.00021282708075965766,0.004574575982946614,0.00010740918643607625,0.027772250397711997,0.1514472302455174,0.12005732944649623
46,23,1416,Animation|Documentary|Action,0.17467149581538102,0.012164768313826927,0.0648892553146007,0.014300545311874913,0.1319825848781807,0.08795684595083049,0.0036793250405967627,0.0010632563297154898,0.053293018857979046,0.23363042889875754,0.0006962759575781658,0.001599392403513116,0.007818715890666003,0.21225409103649884
47,66,739,Mystery|Drama|Spy-Thriller,0.005442985614963412,0.06708284444641813,0.01656672203201769,0.002449008817533545,0.18759254003945722,0.06803977810902584,0.23121595261061437,0.057003355267645925,0.012051801002114568,0.005534716163882157,0.04078530957226671,0.23570698976427268,0.01647215843150151,0.054055838128286474
48,39,689,Comedy|Mystery|Crime,0.0037721913146274697,0.2672079532611064,0.04667127390155493,0.1832695427134471,0.09576903583253121,0.00026157794840067026,0.0219320296992065,0.014766535582496784,0.031585951736837016,0.0005425897733238236,0.09660333364686363,0.1834478625721459,0.014255326663040541,0.03991479535441814
49,21,791,Drama|Documentary|Animation,0.0042728176890189555,0.00029068102942675725,0.03705173351612453,0.0046379870320002025,0.012965915955192182,0.0026400976937026133,0.28200487333656776,0.01441977376316842,0.01295194791886146,0.22677601884918727,0.031660142800354056,0.08867042148046529,0.007096081554800188,0.27456150738113044
50,44,804,Drama|Crime|Mystery,0.08991201592825977,0.0025653266623463936,0.01782448968234968,0.17615436661492212,0.06847102515462945,0.018020160672567488,0.29553177832209176,0.08252524473565302,0.0004950421264172866,0.0029823077498983158,0.11669379194583762,0.12120125914906732,0.006513840097007728,0.0011093511589520683
51,32,1006,Crime|Thriller|Spy-Thriller,0.0032365895705174634,0.0014273374931414967,0.08862752540421473,0.2273741974318739,0.13123922798444246,7.764843816624287e-05,0.006993995098820002,0.07845891761169492,0.08763636215027013,0.06694755072651136,0.16042298331092006,0.07260712011246762,0.07430578392798166,0.0006447607389780051
52,69,1424,Spy-Thriller|Horror|Crime,0.03162041897437541,0.017096869092185527,0.0897701547216583,0.12224671728500329,0.29426704438233564,0.012813179600177698,0.026942366268019293,0.0004696146296253833,0.2049008756195845,0.11728161258754152,0.008683906690389851,0.011475098806722116,0.06241585294106017,1.6288401321584912e-05
53,64,1623,Animation|Action-Comedy|Horror,0.03885403507438384,0.00011673472700025206,0.17752898803883177,0.01612834904927334,9.517874774961058e-05,0.005490025678602957,0.08807223746303117,0.0035311228109561844,0.10471765679263399,0.45399137561099684,0.05283437499700538,0.033585001413761965,0.022083030338021264,0.0029718892577514093
54,59,493,Action-Comedy|Thriller|Animation,0.023134843223413068,0.0023917126186752684,0.4703689811872985,0.020362416132064985,0.006608808997838291,0.0016010490239697966,0.002048026062945875,0.0821240925320261,0.10175102519114289,0.10511283261292699,0.1470237229629615,0.022560125931648002,0.003799669852355386,0.011112693670733228
55,60,474,Action|Animation|Spy-Thriller,0.2592184503887908,0.11290701247816808,0.0004693355932115412,0.014621901468924094,0.11439111711930686,0.01316535904315201,0.012594494060690244,0.08513816002078367,0.0857500585746024,0.11686018892852248,0.11113872148786502,0.037169290238476003,0.0006165928946689206,0.035959317702837904
56,72,335,Crime|Drama|Action,0.13100582703831096,0.08852566086388644,0.026804514114207978,0.2853846135652743,0.030936425324107144,0.02907370896307138,0.2671753607542123,0.022850308053380508,0.020747000251690895,0.0033362888185137535,1.1712563207217886e-09,0.09270866728917677,2.8213417393889592e-05,0.0014234103755173552
57,17,1121,Crime|Horror|Thriller,0.04853557159554607,0.05175182358835729,0.09009317156860383,0.23449032790903263,0.08845872488011298,0.006858138985354448,0.005511460343762432,0.0313305389653724,0.16339686798242112,0.002919053216744051,0.13648096636156087,0.01995579378074457,0.11114637671226854,0.009071184110118756
58,55,300,Documentary|Spy-Thriller|Animation,0.03458662360985512,0.020281911407929745,0.01223210880572161,0.0010991034471540986,0.18739703179344808,0.004718528110478615,0.010716627394992741,0.06741512377526895,0.0002046412873714436,0.18523608290583984,0.054562279593069925,0.13939814325152414,2.425072941277432e-06,0.2821493695444044
59,44,25,Action-Comedy|Documentary|Romance,0.0029177803381113475,0.07665204572885395,0.4042708507226803,0.007784318661505857,0.01222315111596603,7.13609528301756e-05,0.020138936957170346,0.12069193614676774,0.0005338168595379648,0.044563988842695704,5.884764972339114e-05,0.02198924470884885,0.0020669135059313876,0.28603680780937696
60,49,1237,Comedy|Fantasy|Documentary,0.0779620618111002,0.19958649895596134,0.12957173958188178,0.03923713656399894,0.03270943170618784,0.0692578864462666,0.0659277490200086,0.020296234604806895,0.007204681747503052,0.001689983120290648,0.019390812572206418,0.06735562457418418,0.13853964514487246,0.13127051415073104
61,60,218,Romance|Action|Action-Comedy,0.14256733248115094,0.0029987566290832456,0.13090548357932713,0.0004616035623157923,0.022138850956930543,0.06645836270415018,0.04536031341814527,0.4313429162789648,0.0025724564052363253,0.01498159262579429,0.04402285730550566,0.06703634945922994,6.262446576258195e-05,0.029090500128403092
62,58,1890,Comedy|Horror|Drama,1.0972643911303322e-05,0.376779704906336,0.1009228997556845,3.468168519373171e-05,0.03438849825704572,0.0015686012400757047,0.13812118262090636,0.021319427192901134,0.15746074614485758,0.0650346492865713,0.004062485736214147,0.06783629648233076,0.029405477944780448,0.0030543761031913514
63,19,1705,Action-Comedy|Sci-Fi|Drama,0.009587213053858807,0.0006520874550671612,0.5049850281751928,0.047590116639157236,0.035405679630988535,0.267955118215926,0.05400535868130304,0.003952449417866604,4.4782222579290494e-05,0.0047188568788622525,0.0036845927869688395,0.009378141562019661,0.01891892506733577,0.039121650212873914
64,38,770,Animation|Action|Spy-Thriller,0.25540745826012196,5.345346103531644e-05,0.0009636077126870594,0.09679544494195018,0.1336789562618508,0.05106455837251846,0.08213980683978818,0.0019072238350604114,0.03700116127750445,0.3329430568824935,5.5467042264261944e-05,0.005041297411067464,3.4745946035217144e-05,0.002913761755622843
65,15,1758,Drama|Thriller|Romance,0.01695309075659031,0.0006110608789649842,0.004652832901207162,0.04573762747328012,0.014062354308477482,0.15068372412022787,0.34918674064117416,0.1523676848509432,0.013388152706396556,0.0006925989416818401,0.15505322056474338,0.07136230651134384,0.0007594446681513171,0.024489160676817834
66,29,118,Romance|Horror|Fantasy,0.0036022626017448837,0.011226533891959484,0.016969220673090816,0.003185666158360641,0.0008511135846997417,0.022826235156568498,0.07868492340473955,0.3230796119147991,0.3094875398760083,0.0007216238664767248,0.0011292258576657995,0.024724597562572354,0.18087915315762873,0.022632292293685526
67,47,1796,Mystery|Animation|Spy-Thriller,0.03587415884395173,0.00015381152612504068,0.004412469174483226,0.0006298105668990086,0.17774327515063607,0.007712405778472284,0.06112790526740572,0.0012535086858942843,0.14925482630595843,0.22937177861384467,0.000569816574287595,0.3076355494054293,0.00975809954306688,0.014502584563545714
68,31,1044,Crime|Spy-Thriller|Fantasy,0.0057673284363714255,0.0002087185128658556,0.06265010695848884,0.43716124351822006,0.21117367018707606,0.010357980636193018,0.03776929330364558,0.00016165395786006906,0.005838267112047447,0.003074657172318848,0.05579382322827268,0.012520098927252246,0.11027228568575026,0.0472508723636379
69,18,400,Action|Documentary|Horror,0.2024305936266857,0.0001081692549189792,0.055544189162443545,0.018416981988443097,0.0719176687468464,0.0625661668394082,0.040794238498346444,0.07304692439017013,0.14510712518948546,0.13634543543733374,0.014820446870651307,0.008664390323969581,0.0024442769731265034,0.16779339269817098
70,64,993,Thriller|Drama|Sci-Fi,0.01301205027027306,0.12655443884215006,0.014784178093888649,8.747270747689432e-05,0.00010909813900920442,0.14018762661175246,0.16050109893567174,0.046389807932767056,0.01691407125599482,0.034379867905486944,0.39692057303888684,0.025851731527116423,0.020723304652334868,0.003584680087190965
71,46,1707,Fantasy|Drama|Crime,0.0006727113385927439,0.0010579868413335596,0.010122936622253966,0.10140695161160869,0.05047645224770765,0.004142416948645542,0.23894557715961642,0.04811102295955644,0.0007283173763372752,0.0007282704342046189,0.02580508952588952,0.0006582489197191641,0.5170936152293796,5.040278515485746e-05
72,20,95,Thriller|Fantasy|Spy-Thriller,0.007940704462667144,0.03529444707881447,0.049728629383143576,0.04691717201460842,0.10981774395597665,0.010586650561005039,0.02420946740861321,0.04322157900224327,0.015346851811590572,0.023957023664336233,0.341053537780174,0.0019480060221409674,0.287359238810619,0.002618948044067406
73,73,1055,Mystery|Horror|Romance,0.10316896301975889,7.499390056786475e-05,0.00024329701250291817,0.09992593144942268,2.197380660243243e-06,0.0027470026484433968,0.04037554781153914,0.12127457595067812,0.2363115969763144,0.0053432043598256145,0.008477778979326007,0.3441783290706151,0.03721397697742687,0.000662604462918732
74,65,1166,Crime|Drama|Action-Comedy,0.00026349443474978925,0.001207036317878188,0.13340157682133186,0.3210586004751389,0.00027585194149157266,0.07127835142326343,0.19058944006041395,0.05883101328422758,0.09547792248931736,0.05916919047975308,0.028252531556998084,0.0041218320334905885,0.03595385182587891,0.00011930685606659818
75,69,1888,Thriller|Action-Comedy|Romance,0.061679012284457234,0.11202980641380304,0.16064670334381315,0.04987171608078621,0.000766960109505874,0.04756007437606169,0.06356251542903059,0.11981354557302036,0.06387993628728691,0.015706615394773086,0.25463985669594236,0.04585498470823693,0.00013413200942538085,0.0038541412938570335
76,56,466,Thriller|Drama|Romance,0.029164926973095605,0.0005847968905989208,0.12703916925816092,0.09963356309252404,0.0006574392202828464,9.419702884235127e-05,0.20130133024947813,0.12990547951359538,3.396960893260115e-05,0.006505467083487302,0.3476207285109476,0.03326052206827346,0.023405445769972968,0.0007929647318079321
77,15,1939,Horror|Action|Drama,0.13757168032606046,0.0037454601895646426,0.003285802320297514,0.03645553904224096,0.04765900999625014,0.0013560503697057312,0.13117383553508874,0.04645556460728994,0.4234939878105205,0.09952142821504148,2.6193472617901783e-06,0.02804205277691148,0.010296182102910905,0.030940787360855804
78,50,891,Mystery|Fantasy|Animation,0.002965532276050529,0.011172903320257544,0.04200535771043175,0.00841018567251355,4.033345233899638e-05,0.0933414481294048,0.04573788991731029,0.0007532182940190046,0.05536285557647369,0.2014564147855575,0.07230589861572544,0.24873178008316968,0.21373090817681029,0.003985273989936879
79,31,395,Sci-Fi|Mystery|Action-Comedy,0.011791972470058483,0.024929384848733922,0.11015800200818464,0.008650586821569616,0.0004278429271494326,0.40506385296932396,0.01977854454927566,0.025718113173120415,3.233175203177511e-05,0.0539860816641639,0.06757508839340706,0.23380163090141168,0.031103782185208772,0.006982785336360497
80,27,1628,Action-Comedy|Comedy|Mystery,0.12026001391040195,0.16601279897808602,0.22248887810184648,0.013199279656487078,0.007815773149942985,0.0197667886711411,0.03603045298477007,0.01368070750215875,0.0022793007660089903,0.001994146283252203,0.06600067325106297,0.14014784865189175,0.08141908215213178,0.10890425594081794
81,59,1343,Comedy|Fantasy|Thriller,0.08720372263627842,0.3014620991825109,0.003938168498862454,0.016101119520341226,0.004879302238948848,0.12118194677835194,0.00021165195502249762,0.021754142133934916,0.024870487569577996,0.02888428778519317,0.1300789649108417,0.011071185545966563,0.16348424574078585,0.08487867550338364
82,39,1113,Comedy|Animation|Action-Comedy,0.003545866755924913,0.25965522790001555,0.1270263294405196,0.1261811363311389,0.08723881888645652,0.010463004147748199,0.04427201543437386,0.010105087572086575,0.04877606804789418,0.14495566103603802,0.0012925912302663765,0.003359378066730635,0.11375805876187416,0.01937075638893233
83,48,1764,Documentary|Crime|Action,0.088347350388513,0.035386488393507456,0.0054359841091752995,0.3112618037122164,0.04567191868165616,1.793644057360312e-07,0.01815551144717953,0.006602914286878467,0.0012441962149411917,0.00602370193749333,0.03671682455486078,0.009088899805142835,0.011331724742363823,0.4247325023616659
84,57,1078,Sci-Fi|Crime|Romance,0.10048124219347042,0.06068601550156682,0.02824760844181952,0.24175411413784945,0.0079213428464217,0.32335116483579135,0.05460156029465524,0.10162590080176992,7.466480371591209e-05,0.010595491483511332,0.0009506133197129896,0.0004851562758758018,0.010349718808625006,0.058875406255214396
85,73,1961,Action|Comedy|Action-Comedy,0.4903712886938268,0.21636634767459997,0.12671172326287297,0.09520040583365125,0.00022512392408139905,0.0011824592296991881,0.014995523746194641,0.0035043720641080036,0.00010372099095396467,3.257386608693892e-05,0.010265421617758386,0.030125425571245857,0.010751261784886699,0.0001643517400338184
86,29,1879,Spy-Thriller|Action|Action-Comedy,0.18410900850724396,0.008009685257496416,0.1816417784016987,0.048255926320058276,0.29740760687654555,0.11820429094026348,0.01342422424949756,0.00015721183555687346,0.04353177668443728,0.010521653767265205,0.0003686195653640791,0.03068424424307531,0.043110771270137856,0.020573202081359383
87,66,1246,Comedy|Action|Sci-Fi,0.19674892792052606,0.29623262178285353,0.06008945240693457,0.030924080442947605,0.058655065799169404,0.16586324393699617,3.1756782345171074e-05,0.002626262760899514,0.021468964753389257,0.005729135042601143,4.966289392339045e-05,0.002098118371612444,0.15821859917329809,0.0012641079325034976
88,44,1188,Comedy|Horror|Animation,0.022873466511984394,0.3885826165841223,0.06864936860882632,0.00015924608611118542,0.04858508878932811,0.001719094364724095,0.07659989873185401,0.0018911160321796363,0.20209973668542522,0.09014233514014623,0.002081447577460306,0.0001762808026168762,0.0803236752945728,0.01611662879064865
89,55,1828,Mystery|Comedy|Animation,0.00340957438363662,0.2142926245703088,0.02653460967299349,0.00037518545652155276,2.297193280209336e-06,0.004052059709634644,0.002027077342509471,0.01963804251198556,0.12393207362123351,0.20372201081779884,0.10996569527558386,0.2806563131339846,0.011389806173837877,2.6301366908780487e-06
90,70,321,Action|Animation|Horror,0.2826785592375094,0.001283695722749373,0.013356529555549671,0.023154880775746046,0.09936018298543751,0.06004353821277826,0.002343114626658008,0.07244538401284667,0.1398384702680963,0.1858489174522712,0.11758912757819892,0.0012441943515066796,0.0004517243521387385,0.0003616808685134514
91,40,470,Mystery|Comedy|Horror,0.055277888162833286,0.15558656580901284,0.04237385704896637,0.029184409782655133,0.0038393318111122816,0.0005717501504025509,0.051629581603617795,0.10234818057596651,0.11879279614143054,0.0007746749580598027,0.10505575592670437,0.24850576870545998,0.08557802439399963,0.00048141492977914576
92,64,1297,Fantasy|Documentary|Sci-Fi,0.016970102447798553,0.027102766886557193,0.009679921125011506,0.006441997811079778,0.04929109407496945,0.11917312277967074,0.0056836968525606334,0.0025520226522330663,0.015547802653367637,0.10405907769709133,0.09621905098472412,0.025247560186206455,0.2979004144438261,0.2241313694049035
93,46,633,Horror|Thriller|Sci-Fi,0.0804228467745691,0.021221986052984292,0.001099777417577481,0.004646277986853845,0.015937245397799095,0.15266064701166815,0.016312291688135677,0.0017335594083814174,0.3751695950611582,0.05936711222152439,0.18676844715049068,0.004535202354276829,0.0005376245367573367,0.07958738693782354
94,53,325,Action-Comedy|Crime|Thriller,0.005408645048872075,0.06265077562126495,0.3314296139338643,0.27844317554316006,0.0005719406219448918,0.009551247936999073,0.094012881568168,0.01792475356296118,0.004267204134779182,0.014177595757500733,0.12911993524818907,0.0387694100280841,0.0028786112393008063,0.010794209754911481
95,15,141,Spy-Thriller|Sci-Fi|Mystery,0.009191971089331473,0.020063119132873713,0.0023619269769784134,0.0008605433518993059,0.3264313543919404,0.2086917601758049,5.519903887799765e-05,0.08418167790514641,0.0001110553564075296,0.12209387326084678,0.07382819721099936,0.14997195837578967,2.818131740868678e-09,0.002157360914972179
96,28,1107,Romance|Mystery|Action-Comedy,0.00010530253488923249,0.007415667672941601,0.06321777802008455,0.05642536613806655,0.0021039269151171417,0.03866148208654742,0.05183924078670269,0.6802830830079956,4.4103555089066015e-05,0.024970517602677815,0.00457757240456167,0.06700761561525785,0.0010592853214370593,0.0022890583386319403
97,61,1615,Crime|Spy-Thriller|Fantasy,0.06314839343833566,0.013704819366312057,0.0003968352382221199,0.2856353051105396,0.25917670826792755,0.05028747382000716,0.00014307999658603663,0.00041019015716156393,0.06354699074995719,0.07967924796213555,2.811557068361242e-06,0.00918127750660843,0.11280774310430013,0.061879123724838586
98,31,144,Crime|Drama|Sci-Fi,0.0449758110561739,0.016813297388101875,0.0014368518814735715,0.34199074998848294,0.00988147493977891,0.18538885791906184,0.2248159254525865,0.0005872307291577175,0.0092227945660228,0.15916791022708585,0.005020308538443773,3.533440614164032e-05,0.00043062207882960595,0.00023283082865891528
99,13,1932,Drama|Action-Comedy|Sci-Fi,0.049886327162131254,0.00788337477829603,0.18740678145525988,0.0023345873262160324,0.08656771080277477,0.1437535027971008,0.256901305870757,0.06592425203924011,0.0011405926677068169,6.571541682194823e-05,0.0008649049786623598,0.10427874448137514,0.039233215448479346,0.053758984775178334
100,40,734,Fantasy|Comedy|Spy-Thriller,0.07038623596601953,0.2746013557483043,0.0040977776262787115,0.00011780906927638851,0.24614974374746915,0.0272455752822099,0.005692083746323556,0.00026476091424446947,2.1453346485590484e-06,0.055427045516831655,0.013027591393689256,0.02257346763793843,0.28040066691362586,1.3741103140270843e-05
101,55,661,Comedy|Crime|Sci-Fi,0.018269715861888462,0.31123531253037073,0.048865127839389885,0.20455671785933247,0.0008606795079532844,0.09493935978302015,0.0666534033186027,0.0011467188566269145,0.015494823957124875,0.0189223777792882,0.03998185692134862,0.09287046202925192,0.017609453140747473,0.06859399061505426
102,65,150,Horror|Action-Comedy|Crime,0.07218974557039012,0.0011503937471585405,0.2310967019152263,0.17436954586113954,0.03145254439979963,1.7723772184304974e-06,0.023958168990238185,0.0075568194339665365,0.3033860726784637,0.0031740879824039827,0.038325784671145086,0.021950151813655738,0.0012205539247136675,0.0901676566344805
103,39,1643,Action-Comedy|Documentary|Thriller,0.000630804945470523,0.1387563335653638,0.23904433493189828,0.12135701415831468,0.004977258691880379,0.0005052544500329116,0.0010287590535427206,0.00010798755159016784,0.004062868032090903,0.10481245077209411,0.15388865465181809,0.010731376254888948,0.031818695285855174,0.18827820765515926
104,34,14,Mystery|Drama|Animation,0.051131307134007355,0.00034246988367857745,0.013353904450967105,9.103957270898902e-07,0.007717465818552689,7.081699922578245e-05,0.2600405639659128,0.0846170968603763,0.013284479861179574,0.08971368921129953,6.685182420191627e-09,0.4502621665661461,1.2873213658622733e-05,0.029452248954086116
105,74,5,Crime|Romance|Comedy,0.00550207285584305,0.08550632846701438,0.006146586168550744,0.3965386740020025,0.01649558595898666,0.013241433058937113,0.015165127951126648,0.19160610934929057,0.029516295780197693,0.05467885793169381,0.02934477398586821,0.06792272089406812,0.06669910029266449,0.0216363333037562
106,70,307,Animation|Thriller|Mystery,0.11894524715645585,0.0006977787904837978,0.05457008730977755,0.011205453047303216,0.012843099193178815,1.2174404018719476e-09,0.05486333435558907,0.02023128160817577,0.04621209338807847,0.3272540421692942,0.19870759116519546,0.12973161578930598,0.010428914008721497,0.014309460800999837
107,50,1008,Fantasy|Sci-Fi|Drama,0.1110604502404209,6.43459712615711e-05,0.05438657106012454,0.0030580755261032087,0.001151148119825091,0.16013918852268133,0.1564491864959091,0.007683587138586643,0.019610257061691342,0.12206669129689032,0.027951287996893257,0.08806672641851725,0.22501649226904588,0.023295991882049588
108,27,1612,Comedy|Thriller|Action,0.11965394063759313,0.29526912621319457,0.0847961218890642,0.07243040639609774,0.04706468750758371,0.004195142845292855,0.004736247734710001,0.06512639367766193,0.04800580721029154,0.008212369733375368,0.13206096042089746,0.007649289331756264,0.05161623593220243,0.05918327047027877
109,34,1121,Animation|Comedy|Documentary,0.0005282489295885244,0.2959987745147843,0.03026933249549326,0.0014507777342439335,0.005405413382359338,2.4129137649643513e-07,0.007177442355502112,0.005764211674036997,0.014608380407863315,0.31404367711198916,0.1003194368208082,0.0024269316863062547,0.00965461011855901,0.21235252147708922
110,68,834,Action|Thriller|Horror,0.375366882341362,0.0010940132789032761,0.03301343690240029,0.000281491520860009,0.006473786479011273,0.06185949034711162,4.7006613505619256e-05,0.0038761499464425486,0.16831988802062176,0.028027854630784315,0.30953837154891684,0.006002434240872269,0.0055121852873520364,0.0005870088418562843
111,49,696,Action-Comedy|Action|Horror,0.2852269624396358,0.004910275712537892,0.310035614526209,0.006675511941364933,0.004826796390066397,0.02095418028535412,0.018296560599399356,0.011245519528600397,0.16100317692048483,0.013853862178398462,0.009606426862609598,0.12208843410500297,0.027836032717605774,0.003440645792730449
112,22,863,Action|Thriller|Mystery,0.3935449232931918,0.033673728256086784,0.018136604065017638,7.590813213313021e-05,0.018833969926438626,0.0045704349001566245,0.0014244404243108522,0.05858336109975236,0.07910407576176298,0.08935808645945613,0.13585622994172544,0.11310819922443639,0.024177510829155098,0.029552527686376145
113,52,929,Action-Comedy|Horror|Action,0.14479503905868027,0.08094620287669536,0.3683216690603215,0.04457465889237441,0.0020482758219339996,0.005876656607923695,0.12594330297179823,0.0036678199914259076,0.18346475831882236,0.0004364786903634782,0.005601420206445282,0.00954133062277513,0.0003753558317641145,0.02440703104867613
114,25,1920,Romance|Fantasy|Animation,0.010393270570861767,0.006118177605871892,0.0016602140298480048,0.0003482954890475222,0.0001236620790629055,0.02820225840348587,0.05456890005118245,0.32224299140385937,0.059324997745265666,0.10356071699083653,0.08611527477829309,0.00031561810068843473,0.29710677701804034,0.029918845733656146
115,17,560,Thriller|Spy-Thriller|Comedy,0.0022093296590140797,0.16194157735537537,0.0034886548319421518,0.1321540888982034,0.24152580091670742,0.014777132983090503,0.007331894975804277,0.005064595137929755,0.0037159844023387655,0.11935865350181507,0.26948236357856187,0.002651156095881896,0.00035571193148369566,0.035943055731851685
116,45,848,Mystery|Spy-Thriller|Horror,0.046669957573754965,0.06990066341258869,0.05555090502041929,0.004394851681972693,0.2353225156520891,0.01800431400606716,0.012687726977710216,0.005232523141450713,0.0807517025781047,0.045979199013711385,0.04022774217730738,0.3240017856567441,0.05814953510450421,0.003126578003575617
117,27,79,Fantasy|Animation|Documentary,0.01616593504223849,0.038019092077392624,0.009019513867014365,0.0503737853244326,0.0007530030106888781,5.321618603862395e-05,0.027551794096406377,0.02379292934680804,0.013370208188022729,0.05930070805405876,0.007448863608022922,0.0450953014301453,0.6508335176952432,0.058222132073487164
118,38,1037,Action|Crime|Fantasy,0.27556131379780013,0.0011143447154413726,0.02780547710170313,0.26316444278256806,0.007851013153736465,0.0009472643451204297,0.0011318703270944762,0.06435459157677145,0.012475220066182487,0.11301884417479871,0.032196037629850585,0.027195936809999776,0.15883534428953058,0.014348299229402464
119,26,1763,Crime|Drama|Action-Comedy,0.03210523489317341,0.01781648851133742,0.1615983558630067,0.26046490456369137,0.034392590921125156,0.12521607967829917,0.2293817244433224,0.038532756965082494,3.609030583894287e-05,0.0052244377423212585,0.05036708962885112,0.0003887186033659542,0.002176034545629828,0.042299493334954766
120,55,987,Thriller|Crime|Comedy,0.0028344481512759387,0.16566679918904614,0.016603891307507616,0.31987866626765193,0.00017551736901977956,0.000514574908046162,0.007866531170275644,0.0593667312113752,0.00982389566970095,0.024612800886756978,0.36465495011398785,0.02767578379219109,0.00022664641493286186,9.876354823200423e-05
121,74,345,Documentary|Crime|Romance,0.12232906405339986,0.025146270444268395,0.0013098621708414729,0.1409629406733236,0.11027065555753732,0.05640524426751143,2.2463608438895944e-05,0.13094615779646424,0.013082781847027599,0.07217875239649033,0.026997716590962017,0.013780121905626089,0.00859653566659466,0.27797143302151406
122,34,530,Fantasy|Drama|Animation,0.03472904021830695,0.004547557424794696,0.0003298023294274597,0.003347243790140314,0.008047194938214415,0.10218848966576072,0.21684005545807206,0.010865298584308675,0.0139800779316281,0.13891485333878403,0.11834319826201446,0.08116122557007215,0.26172999410541226,0.004975968383063742
123,70,901,Drama|Comedy|Crime,0.010473339645840393,0.31370628331121286,0.028479649422977878,0.10959490262557521,0.0059778496938827546,0.012619615848818624,0.4137006403065728,0.001348989693100581,0.0006252710888502675,0.05438238019901673,0.0017926349878654084,0.0016432648282790764,0.013556570040794648,0.0320986083072128
124,49,1830,Fantasy|Drama|Comedy,0.01702351798373536,0.10200046943542884,0.04399142829379911,0.04381531965132149,0.0002978913308072507,0.0006643194911854374,0.18354829042732587,0.004619074845236921,0.055107355728377036,0.08344695787993982,0.009700654869828376,0.04808735302099914,0.31383527925687643,0.09386208778513867
125,52,781,Spy-Thriller|Comedy|Animation,0.03536328671962713,0.15518295602378374,0.032331221744919876,0.006781798376390638,0.19901401784116465,0.029690355876613003,0.13029144045725832,0.016821329146802365,0.03539568548163595,0.13045443367379628,0.09161901538668585,0.021810841410482295,0.032774102107361695,0.08246951575347816
126,70,1308,Mystery|Romance|Fantasy,0.01397499513482126,0.005065240858403841,0.06367242748412438,0.01714958708984624,4.897239377444894e-07,0.021019420598563827,0.03056593982321989,0.16173537478117178,0.05059476831521358,8.07623693581545e-06,0.03245320086841745,0.4543202170443294,0.10434542540672055,0.045094836634294255
127,27,714,Action|Horror|Drama,0.22708994966886822,0.0009277587993731542,0.026148748780967145,0.12009564529408358,0.0010512550026333793,0.07750417432415678,0.1432788389401379,0.031105892360335178,0.20202374835591297,0.0005370062815237343,0.11967608606836087,0.04745450345477446,0.00015100957191531246,0.0029553830969572975
128,45,1436,Crime|Fantasy|Horror,0.020433532700485046,0.036633881635712594,0.05926929404501329,0.5888035574825756,0.002125377379527501,0.009766566735830722,0.003365580586158161,0.03490164838375567,0.07618296824001318,0.00017647917736712877,0.013821871280446527,0.03190124697966881,0.09898393783518099,0.023634057538264863
129,67,85,Horror|Documentary|Animation,0.0060668735946664025,1.0620220055541655e-05,0.12302053703060786,0.0014814282392050667,0.03498656027303958,0.00022618018692260351,0.025158690808078817,0.007009899654720721,0.2203234821829314,0.1356615965151438,0.031949299624494526,0.13449561092616882,0.09735954355334439,0.1822496771906205
130,60,1880,Sci-Fi|Spy-Thriller|Horror,0.021326069050208694,0.009195609186527752,9.470902605412648e-07,0.06089651313257715,0.2846586367639309,0.3199224906991759,0.00042276103372827084,0.00031438872118629186,0.15588253410198746,0.027005186647667233,0.04244716467053567,0.03128311079435823,3.374603693763177e-06,0.0466412135041625
131,34,1899,Mystery|Comedy|Crime,0.0820743600871208,0.18686988527808654,0.07940547733303373,0.17652519993304652,0.026026286308121035,0.05903466327394231,0.00022086698551720905,0.13841297931060503,0.04056341016366982,0.0003436530254877428,2.5771336504182745e-05,0.20209470137639315,0.001436958742706456,0.006965786845765572
132,31,450,Spy-Thriller|Fantasy|Crime,0.0773991711947225,0.025155503018793778,0.001849449377329165,0.17372913648065372,0.32714912872266644,0.021302646776945298,0.0037541966220823947,0.0465085530683238,0.020136557689215757,0.0010641322246095959,0.034642387784694174,0.0625186109805507,0.1793421480771804,0.025448377982232318
133,27,302,Comedy|Horror|Spy-Thriller,0.032181841396040946,0.3469842102409752,0.001968738520354007,0.05444714158751471,0.1224395340918048,0.07380715303082745,0.026919845530628247,0.12007312893226825,0.13466793619282333,0.008214975700338021,0.057670713583047734,0.01821802203857902,0.0022750697886121953,0.0001316893661860915
134,47,220,Documentary|Horror|Thriller,0.008443343818708145,5.955118229126027e-08,0.01294757201415071,0.07442484178833594,0.06804265102459592,0.0037995017271664874,0.006883814950432808,0.01328682959903981,0.21914571220250298,0.06343656394872436,0.21558369877826145,0.012057208691679953,8.51350573109391e-05,0.30186306684790826
135,39,1940,Crime|Drama|Spy-Thriller,0.02301280169538966,0.027147910971684903,9.46671232013907e-06,0.6001151853520177,0.05856017812229777,0.010469395705911306,0.1349996456881828,0.017953291184060013,0.0014431799144518811,0.0580640799773166,0.006640248638483558,5.349047947406597e-05,0.057060603909194596,0.0044705216492149265
136,59,1178,Action-Comedy|Horror|Comedy,0.028633120195230226,0.13685569015023596,0.21725365723022538,0.12638412928595197,0.0089497579694465,0.04000463795683421,0.0076886544320077235,0.03180731678659091,0.20503085733917267,9.777831355073097e-06,0.06028559021598641,0.001236252890502165,0.02178755666242761,0.11407300105403352
137,19,732,Documentary|Drama|Horror,0.05324836499276186,0.0014497141001218589,0.013778735093941523,0.013575768015463455,0.008305056375971145,0.030706168275488353,0.2744943920329801,0.06480595079079472,0.1106476197392188,0.06275577581896924,0.015787423411680903,0.04484319030666955,0.0006784532708031217,0.3049233877751355
138,40,1697,Drama|Thriller|Action-Comedy,0.00024732031800421615,0.035671412441293564,0.23127656729209126,0.0006244164953404097,5.083896223524441e-08,0.01484730224437156,0.2890114765332325,4.4396053763808645e-05,0.018641658928091758,0.004876997052761449,0.2676807780184409,0.1080118167280204,0.024007981687767892,0.005057825367857996
139,19,1946,Mystery|Sci-Fi|Drama,0.002504925461264894,0.0002774994237125383,0.00024585186144652273,0.10791655727272759,0.09603195181914999,0.2537014970985794,0.19742224990877638,0.027451243122405863,0.0029207536319995385,0.002224953888895448,0.01571261698396663,0.28082057278733985,0.009274863920214869,0.003494462819520349
140,46,402,Action|Horror|Comedy,0.33853732068929754,0.12076839602781676,0.018574455171876454,0.0021357246664027597,0.04171263832955186,0.006735614697469629,0.1027816554110908,0.0012352158433052837,0.30588101024942,0.005264562597742979,0.012179288638398985,0.018984610137039143,0.021151308971213374,0.0040581985693746
141,74,70,Animation|Fantasy|Drama,4.608648360682869e-09,5.289743383836979e-05,0.0037879119842867187,0.02585380325020969,0.12921521199359562,0.0009647130991857748,0.19941383691522488,0.0006669394148346254,0.0016883774045100698,0.2940608170191623,0.0003513164218775407,0.13556027281946878,0.20664512044961159,0.0017387771855456847
142,67,747,Crime|Animation|Fantasy,0.008904209960021704,0.0016209215797908278,0.0013535645509317718,0.2479310884359972,9.929763841687615e-05,0.10970316517265698,0.02933066742859685,0.10518330511510482,0.006278498877648456,0.21470934920199575,0.07952826647717316,0.03361782405333248,0.13379947577915205,0.027940365729181023
143,36,1492,Fantasy|Spy-Thriller|Drama,0.0016556060527048097,0.0005545927713833146,0.01782625236592573,0.007570291459979792,0.36522218517805277,0.004172892947152751,0.06759326753556706,0.0021492460860742936,0.054856377028831595,0.016592130868073617,0.0086404596588934,0.027172683051555152,0.41911574375196853,0.006878271243837094
144,29,795,Animation|Documentary|Spy-Thriller,0.001649810430457633,0.006398658628082226,0.011566142435513396,6.70292513877811e-05,0.07927962550795996,0.0010813116284751458,0.05405545695228182,0.042794304344932796,0.0579874212477667,0.5191361053268093,0.04765513604862481,0.04850336643869266,0.01025484779053391,0.11957078396848184
145,42,1629,Sci-Fi|Mystery|Fantasy,2.748281190648599e-07,6.110069857774968e-07,0.02602627671211741,0.008534101270522098,0.011317377261008933,0.6897586748122672,0.012283814972357292,0.0014813902574078077,0.008423425067044037,0.011990590380149676,0.003257521344565674,0.19984878113649132,0.02697974561221739,9.741533874632286e-05
146,54,1653,Crime|Mystery|Documentary,0.07596184011605382,0.04158814893214167,0.06040570652580902,0.33068421157942424,4.873324880150022e-06,0.02703720871826153,0.03457993273542889,0.006027837445809674,0.0671866840493198,0.015640175140819154,0.016814641493641414,0.23660443290851155,0.007477248337549192,0.07998705869234987
147,66,1324,Action-Comedy|Horror|Fantasy,0.0005907568270567485,0.002124741917818583,0.4834857209367364,0.0158804733587243,0.039251543962443826,0.002829494207498538,0.0027635235758692606,0.007319841068339834,0.29823257314902035,0.0008880188325881674,0.058460653464821426,3.306330409419974e-05,0.07275862562911532,0.015380969765873234
148,74,1013,Animation|Thriller|Drama,0.0013978695785826405,0.008550483034622818,0.10034735185983899,0.009162801006980817,0.08092380281166921,0.07091941125753443,0.12245353535015166,0.08527243095717787,0.02093271762707466,0.29490086994806497,0.13092900900034696,0.012915003878439626,0.011598426223081156,0.04969628746643402
149,65,433,Thriller|Action|Spy-Thriller,0.20746464954262092,0.02796094042207984,0.0021835790607478297,0.07215868744981539,0.19272566004970787,0.06346523058161856,0.000803226190676435,0.014861133304061518,0.009505318815063054,0.08717808114633,0.27559943304421775,0.015080593635850428,0.00635344174123024,0.024660025015980074
150,54,1429,Horror|Animation|Mystery,0.04752744604468438,0.01277080142192993,0.09176467163803335,0.009151081850143142,0.0026891372834326045,0.14086653547203773,0.004438836073077701,0.00019078102193474815,0.20997278877149236,0.19034902163028838,0.12042489225194461,0.15349975233453092,0.007908632351656038,0.008445621854814277
151,41,14,Documentary|Animation|Horror,0.0018178307363682768,0.029865509113793313,0.015121734809578534,3.101890505129493e-05,0.056488485992517955,0.010246353111992684,0.04681638813079575,0.026708479742320854,0.13979853100702141,0.2853591846136831,0.009744793870703278,0.009469691978208523,0.058070329272666456,0.31046166871529857
152,33,1218,Action|Fantasy|Horror,0.23465661260795995,0.017413592892566436,0.0054654441940224395,0.06876005344510926,0.08451175144200809,0.0026220468193735007,0.029636741913545605,0.08010648628976932,0.11331396136019144,0.010590872027402378,0.0382290016592764,0.02927689942519136,0.2123514900415069,0.07306504588207663
153,73,1247,Documentary|Action-Comedy|Crime,8.527108959827227e-07,8.24767773952643e-05,0.24526457679352653,0.22383141865820577,0.005050777104632404,0.009988291710160706,0.005319382869657137,0.0017937866812216725,0.004289963022950235,0.1412327313937445,0.03971355328209155,0.002073666836670459,0.008905860118998915,0.31245266203984884
154,54,46,Horror|Drama|Fantasy,0.010917990631682556,0.025662019768500483,0.009891599236300327,0.025989218603261584,0.010355146436798995,0.001816525613634178,0.28342198067714297,0.09415614586396523,0.29789785975482064,0.015589752166030924,0.009893138515020052,0.058820496537341296,0.12156663570752968,0.034021490487971005
155,73,1000,Spy-Thriller|Sci-Fi|Action-Comedy,0.044308871367224834,0.006663126438452377,0.13447636768914695,0.04389003188767641,0.30706573163765044,0.27569870314700784,0.08987902352525079,0.02726350057672171,0.007800916129094788,0.03421732185664139,5.3632136160451164e-05,0.0031622697549377014,0.0019214638878064592,0.023599039966228235
156,28,249,Sci-Fi|Drama|Romance,0.00017244371165736175,0.005887913974666426,0.07288566412482031,0.013721504930502759,0.015072421742057024,0.3302338525795108,0.3257882579982868,0.08552413951381653,0.00023566363935375508,0.014351870667373099,0.033389241445490325,0.0013364827048181701,0.08199907084405476,0.01940147212359198
157,31,918,Mystery|Drama|Animation,0.009404765771511829,0.0460781800585931,7.047781665223208e-05,7.679779909131757e-05,1.780073347929642e-07,0.030084779210655378,0.1627669346791855,0.030393329136147666,0.03677347531302884,0.05891752825900731,0.057162798281943955,0.5561170520225798,0.010330089241589731,0.0018236144026788012
158,58,369,Spy-Thriller|Mystery|Documentary,0.002510292771543367,0.00013021714905264687,0.00030237079697684167,0.028754296495002978,0.6278878658140226,0.021915776178761778,0.009759086688656646,0.0007050876075851245,0.0006446350710020978,0.03365675899311156,0.0034399910019057935,0.15178974273994209,0.022078735838041288,0.09642514285439534
159,68,1739,Fantasy|Animation|Drama,0.0007870977531937872,0.04958956762779697,0.009633433648073718,0.007218386442707714,0.07234283285221721,0.003767494491860769,0.1695458001710737,0.00019907326823285964,0.15256635938149268,0.24372909149558833,0.02405517539039543,0.003428496048128019,0.2630230780451217,0.00011411338411713449
160,23,25,Action|Animation|Comedy,0.27556014043488114,0.13774761700871688,0.014834808030280498,0.04169221174431965,0.002193927359364683,0.0029346113573677684,0.10909374398569689,0.008605732898176384,0.01046294066064987,0.1762189926889369,0.0967121352682214,0.005800117976616419,0.037608873174995505,0.08053414741177596
161,57,1332,Animation|Spy-Thriller|Documentary,0.0551785962251722,0.007277028612276257,0.005445484486121468,0.05661670114520192,0.29186393855306697,0.010650953606512196,0.0556436260049499,5.93250282098955e-05,0.0014158139359339663,0.3016356470853691,0.011967790257423436,0.09168160902155366,0.0017911090244811766,0.10877237701372787
162,49,1195,Spy-Thriller|Drama|Thriller,0.1002086984880794,0.13048760404693804,0.005662458463121548,0.05638316178237092,0.18839698837957172,0.04166596013878345,0.17364113706107978,0.03195021845365335,0.009310619669067748,0.0008895310091602701,0.14703068427646176,0.013971730390378861,0.09946156092547312,0.0009396469158599592
163,44,709,Spy-Thriller|Mystery|Action,0.1450792181175342,0.013875649591111287,0.009149014287439762,0.009438911714238501,0.27597888292364964,0.011604170585155983,0.0009108911884837859,0.05882040020544545,0.09938895092165925,0.05203486854705545,0.022868953902613603,0.1670199899073297,0.0384281408388985,0.09540195726938472
164,22,1637,Comedy|Horror|Action-Comedy,0.003470730496405187,0.25763679408611,0.2015464221450242,0.004975052400411313,0.023870878986523715,0.05387742823615352,9.306228384605308e-07,0.10903100006203759,0.2565209208588437,0.041973896740413415,0.038289264846937884,0.0008219682924117584,0.006057027624248677,0.0019276846016403905
165,70,419,Fantasy|Thriller|Animation,0.0929992887692458,0.006795999093863911,0.013126766309795757,0.04465084876306481,0.002272430173958854,0.036574966238269585,0.060529386344240425,0.00018162701600854742,0.0007277713505771998,0.0935486726399177,0.13614723265830483,0.03453806776872216,0.40656576468687694,0.07134117818715362
166,58,654,Crime|Sci-Fi|Drama,0.0383292556659557,4.920218982283672e-10,0.02277071832578988,0.450457929903199,0.0021772418465675044,0.15152798343886578,0.1026852760075528,0.016696480848877863,0.008815942369288052,0.009207435626021653,0.08735100191951607,0.02220940031346052,0.028407176918994376,0.059364156323888854
167,60,1342,Documentary|Romance|Thriller,0.0005046142611180775,0.0016290810898852408,0.0010131370379895515,0.016426420841628677,0.01513937860203555,0.005276707164741354,0.00650766522106678,0.32829131143456947,0.008641013414640306,0.024289779136774207,0.11476956838218187,0.006067061428495138,0.028188119183799546,0.44325614280107434
168,50,1353,Thriller|Crime|Fantasy,0.03620752564840549,0.00027265860115578195,0.003377905825774009,0.31339808063539126,0.016595594609680245,0.0022346358487272213,0.020728188051942396,0.0033105324417951466,0.00788009782728656,0.0025016457772838994,0.3139618259579102,1.2496895912321561e-05,0.2779924219902913,0.001526389888444125
169,40,1254,Romance|Horror|Action,0.16680857730234516,0.0725905672967353,0.010140506769565242,0.07919571674913797,0.028379452843458886,0.020134499131754528,0.04148972120179501,0.27869625243479784,0.23682695452881772,0.03763811753603684,0.00013451960672725377,0.0204214098533234,8.159900959722489e-05,0.00746210573590793
170,30,366,Comedy|Thriller|Sci-Fi,0.007828595315546404,0.2852552110900808,0.0003957078267824056,0.017336783617010684,0.09198704763416087,0.1939939829025912,0.016230838285599073,0.004377044898514858,0.00043102511623168663,0.11973791401575144,0.22632418015613961,0.027610542091811144,0.00788977000728922,0.0006013570424904253
171,65,1735,Crime|Action|Documentary,0.254001519649238,0.05455285283223552,0.009110364802759586,0.3241852138210589,0.0013183275898285035,0.041267139485918876,0.004106511709929106,0.006818631099009636,0.07242752475183872,0.060437846716353445,0.01599888672536235,0.038873899832506886,0.0022460404964121856,0.11465524048754819
172,26,1993,Drama|Action-Comedy|Spy-Thriller,5.233194532002459e-06,0.0031009424058035815,0.2464135237428074,0.0006662996712590406,0.18752051234095524,0.008413246752362361,0.26511638912477914,0.00012305840811215022,0.0005422153157065428,0.02036113979038302,0.16824205623961208,0.054897960481341955,0.041375160436237714,0.003222262096107772
173,13,367,Thriller|Sci-Fi|Crime,0.0004279279179765907,0.08332716353769437,0.00017367290367155554,0.10197335949458365,0.04880868789031211,0.21370406277243384,0.005622117657772026,0.05586340684899352,0.0013541833563560958,0.04150639247394218,0.2296724814771165,0.06693535485304056,0.09496049137223833,0.05567069744386865
174,21,1732,Action|Drama|Sci-Fi,0.2819958372857997,0.00982030265796233,0.060728287550563684,0.018546912614417724,7.074239721995057e-05,0.1714884469487394,0.21232646576080305,0.011921673359649351,0.05872526918844903,0.12796561116804187,0.02189098856620266,2.9674720131785096e-05,0.02424304889090041,0.00024673889111908107
175,50,1587,Comedy|Action-Comedy|Spy-Thriller,0.005836299741007141,0.24107667078723313,0.16155598088680817,0.0012726995871334195,0.12312294262658034,0.03875158530325518,0.07175701485893177,0.021973869308079243,0.11582172999749199,0.03680177917005498,0.08834051238492255,0.00019506700962610422,0.00030393872539938874,0.09318990961347642
176,39,87,Mystery|Romance|Crime,0.009891300705226633,0.014588049405942534,0.08496115628794854,0.0956007831884331,0.016251715358822322,0.04006368309032827,0.012800553397215237,0.2327616287038777,0.017473836938571012,0.007636888548528155,0.029094075977238964,0.43822413059521226,0.0006348875044504507,1.731029820480111e-05
177,36,85,Documentary|Action|Spy-Thriller,0.17103008739606443,0.03972582668677767,0.006725176597499691,3.458894474686233e-05,0.10709424303919525,0.013350247042232916,0.0035330442434558396,0.0094638246584794,0.0019855090482358605,0.033140155537716896,0.002744860614401475,0.008791730239667953,0.004959603548537109,0.5974211024029887
178,32,1123,Action-Comedy|Fantasy|Comedy,0.004413219588916922,0.11906044850483864,0.4069954126955887,0.02455987799208437,1.603827341499795e-05,0.0005911958806815811,0.11200270980473899,0.0009068963255690924,0.01876198474730205,0.0058786596780649805,0.0045659958714514524,0.09071255202964983,0.14245399989462632,0.06908100871307205
179,18,151,Romance|Comedy|Horror,0.002969276580058796,0.20074433342462752,0.00011387095265990557,0.007694306895818494,0.007815697457186277,0.057168157428965555,0.024497210213664803,0.22539769712856214,0.19936044082446464,0.009032422033007277,0.09384379752246212,0.08767376945827388,0.00011167547840136512,0.0835773446018474
180,73,1144,Documentary|Mystery|Horror,0.04169693028875883,2.7926500753978186e-06,0.06922514260929298,0.03395983624335922,0.023403327497718174,0.06330479919819539,0.0011471937672220007,0.019806109735917274,0.09459878998109136,0.04151843275303612,4.208879795520441e-05,0.2737705141655706,0.00042989551389915594,0.3370941467979082
181,19,1742,Mystery|Fantasy|Documentary,0.008670056066441221,0.07895799250215256,0.08034860598125895,0.0004861976663491203,0.00096612628670674,0.017529531419312967,0.10071314580641451,0.10287819292471365,0.031074099005133162,8.322026041920964e-05,0.08254512486033798,0.24073973416096414,0.1350555697049544,0.11995240335484127
182,64,665,Crime|Horror|Mystery,0.001951268506396793,0.017964219943822038,0.0011895373673471168,0.348654427225543,0.004948959419463333,0.1398878072486615,0.007958301994030052,0.02668598960260846,0.21226437517292043,2.7717277376296366e-05,0.0014357701161063407,0.1645382537277434,0.07044984439676005,0.002043528001221336
183,58,749,Action|Romance|Thriller,0.3209022315757031,0.006917856447157734,0.0019559331715403457,0.00016168466713627002,0.004072131455316656,0.056361501275620236,0.021759715635395336,0.2908006188986254,5.649247365588997e-05,0.0005691565217000854,0.20535859744736437,0.008148741872342847,0.0013164181769516662,0.08161892038148993
184,32,1450,Crime|Mystery|Comedy,0.00045046284744939115,0.13679115549853493,0.0947592256494986,0.3949150607144227,0.050444511178175916,0.03418649214160476,0.0008740843033229486,0.014534382661652391,0.04531382481048128,0.03877307034030831,0.00030860490302180835,0.16969875455648775,0.00047214283926600987,0.018478227555773365
185,13,1124,Documentary|Horror|Animation,0.009043440414550302,0.00768968116920289,0.004021748061426402,0.033539078475954734,0.0024677210519202203,0.08393984303203593,0.08766839143485022,0.015445454234507957,0.12865967452375296,0.12121760858424482,0.010818217477624058,0.0007444475373510417,9.812735186348906e-05,0.49464656665071505
186,60,89,Comedy|Fantasy|Horror,0.014397455523408285,0.28262915069993416,0.014887236186635509,0.020410720477459135,0.025028570907914285,0.09456762885642947,0.017822923311354218,5.471427070225326e-05,0.1631241335176737,0.0037157219000352455,0.10044641449592417,0.06505212386368263,0.19431293156181614,0.003550274427030699
187,72,1637,Documentary|Sci-Fi|Spy-Thriller,0.02803790845947945,0.0021476051615913353,0.04414190293966861,0.0037573339446065725,0.09813540295728614,0.2405912552299563,0.022708989713751893,0.007687595221109036,0.052321481018291156,0.004255019856728571,0.03319936696476893,0.04136564936759228,0.03463454303090705,0.3870159461342629
188,22,1602,Documentary|Sci-Fi|Action-Comedy,0.009760406231002614,0.0006234682478036393,0.15126276260282737,0.09721782026340131,0.0053387335702823405,0.27754904753665793,0.0010127270050521657,0.03559806923311509,0.007651886186444994,0.03073202552895049,0.0016467615131033407,0.012029219560488826,0.002875611543572957,0.366701460977297
189,50,324,Thriller|Drama|Mystery,5.126035777841666e-05,0.02751022493144656,4.484208504806051e-05,0.0038538983115085613,0.11621415048154311,0.018025826556265008,0.1732540768403402,0.034435547684520514,0.012317070647997752,0.0903309160538272,0.29216957629580464,0.1341250850647008,0.06409368623885987,0.03357383845035938
190,29,855,Horror|Animation|Documentary,0.1002228817529316,0.08722816327167823,0.015030758226824046,0.0020270753895260236,0.08673148254596576,0.042898445357414175,0.0347840836556853,0.00533641224615346,0.2271085806179681,0.1996637070010227,0.021482201250955513,0.02627256177755785,0.038541227430586744,0.11267241947573053
191,68,718,Thriller|Romance|Action-Comedy,0.008107639043497235,0.056769274867579246,0.18510818187338413,0.016877755996719222,0.04028776064624285,0.06050481576061431,0.050511273821865765,0.21069932854465157,0.015194468466641473,0.021734821696548095,0.2740866580878453,0.018835304298219533,0.040546723320843955,0.0007359935753471279
192,14,1114,Crime|Action-Comedy|Documentary,0.017770834679049198,0.03289576928541512,0.177260819168453,0.5307428611482886,0.006222756420901976,0.006888067501039488,0.006618093988005961,0.06413388579270353,0.0018059675851630041,0.005763856188517507,0.0009967481070985078,0.008290037692302332,0.040453255909497485,0.10015704653356437
193,49,1833,Spy-Thriller|Action|Animation,0.13586692988087073,0.08446153066229223,0.0034663482887850486,0.10025720992353424,0.4087026826179149,0.0017134077751105562,0.0032280380717316067,0.07217008829703157,0.035236495472978094,0.1140519189726863,1.3247763681585148e-05,0.017071042163989233,0.001197578046785022,0.022563482062608723
194,33,1430,Action-Comedy|Spy-Thriller|Drama,0.06402351768738744,0.04215306101740876,0.23275422993609488,0.03970017806817764,0.2088709381440187,0.005570575144503919,0.09516489347325649,0.09242512208566615,0.010919840171632804,0.03889011396722958,0.08583176577455108,0.035273827185613074,0.04289084298892639,0.0055310943555330686
195,28,944,Thriller|Crime|Comedy,0.006697077673522235,0.18557483570997066,0.09376320656583786,0.20039447447030628,0.052441184206564254,8.027616405322593e-05,0.02131445384349521,0.013005771419445427,0.026941481155943307,0.093276301264061,0.23740322450581658,0.06722250885531153,0.0018821760829334359,3.0280827389442983e-06
196,41,246,Comedy|Sci-Fi|Crime,0.01925792361690768,0.36896409456497525,0.05745803645795466,0.13976634891831063,0.05984254711091236,0.150278193365537,0.0030658015238006907,0.0019444851798764745,0.11316810799885683,0.004579674803034323,9.376249593590243e-05,0.042393040452770425,0.008847312731620255,0.030340670779507507
197,60,1003,Spy-Thriller|Comedy|Documentary,0.09141136815985894,0.18407043328261702,0.01046229584454768,0.06684841681377097,0.3301656810613352,0.08105921550329226,0.014357952949326694,0.009797125017828666,0.0005985216051683307,0.03101362125461544,0.0027516602619644614,0.008756599125127473,0.02558017577520773,0.14312693334533927
198,37,187,Sci-Fi|Thriller|Drama,0.04006825215185874,0.05776879774891504,0.04529600378829743,0.016547509509021806,0.017563616337101146,0.4489982223081217,0.10912067053500216,0.07363001190168648,0.021285783264832655,9.678790690607777e-08,0.14469001476997237,0.004364596261459122,0.016708426906461217,0.003957997729363146
199,53,1159,Thriller|Horror|Fantasy,0.0013136666575680573,0.0030327084058809485,0.0010756508687631216,0.006823471098501147,3.0477528572565344e-06,0.009900902050485732,0.0012353182873071726,0.001652243231570327,0.29439677781016166,0.01093013924474431,0.4640385071784933,0.07703005981925504,0.12830070084257225,0.0002668067518397964
200,33,272,Romance|Action-Comedy|Action,0.12922056977350604,0.0009734132273886623,0.13024864068094505,1.6161783474042418e-05,0.003606909408961615,0.05875929440426577,0.0002601595371220971,0.3121510974182484,0.06765575804623514,0.07035492523539003,0.03663530389251072,0.05211367306859682,0.12608422918512868,0.011919864338226744
201,60,118,Romance|Animation|Fantasy,0.12468504134651515,0.059330117628353295,0.02002946256299695,0.12075718987460062,0.007422698924786714,0.015915476665968212,0.0008886877850310247,0.17020539332503368,0.01802915147324927,0.16477195830190045,0.10616910752224121,0.009423923601063578,0.16250027731228892,0.019871513675970922
202,37,837,Action|Mystery|Crime,0.3529290472505677,0.03695627518204628,0.01809931890209129,0.1260118305710206,0.0069694367874876375,0.03741029465402666,0.0029864156603703024,0.07514496901585534,0.0024749804742309413,0.014221027968109349,0.08204987515078428,0.13770001942633378,0.0815063471230951,0.025540161833980835
203,68,487,Mystery|Documentary|Spy-Thriller,0.001296746188058338,0.008563056924505404,0.054764399578802275,0.04679038460498186,0.15202560789974126,0.059350203843160365,0.013686107302427569,1.420371097162257e-06,0.0006552010450848262,0.04324810899775899,0.008244000794453366,0.3377671244286788,0.00040875357641234026,0.2731988844448376
204,34,750,Comedy|Crime|Spy-Thriller,8.038935638085406e-05,0.31021934799666845,0.011239978328923157,0.17311239362771044,0.16046167214632626,0.014216439553678016,0.02918543308183907,0.03799352091194435,0.019434628762395142,0.014878803930426622,0.017726282003888077,0.07005425218014548,0.027388880969553324,0.1140079771501207
205,14,1938,Horror|Animation|Romance,0.012585818806612368,0.05312883727545957,0.047330585939909124,0.003239698402623218,0.0020451676353492824,0.07553405879028895,0.018267463719700453,0.1277114338676023,0.505123655927405,0.13872179060208772,0.008984914175362416,0.0007495732286738464,0.003335109163571236,0.003241892465354474
206,62,467,Horror|Fantasy|Animation,0.05146976803490018,0.035962000358110376,3.9475102591112315e-06,0.04362073954714417,0.024660746570016313,0.004838139545871141,0.01462058753776276,0.00010633866532779528,0.6899597710576734,0.06280659002245753,0.0033280568522489036,0.0026318713627547052,0.06494583369378652,0.0010456092416871669
207,56,529,Documentary|Action-Comedy|Fantasy,0.010065507325900573,0.0006906812875930978,0.2460210531583428,0.009812671927927298,0.012217195637375887,6.413841478214948e-05,0.03891223029139159,0.03956793530763661,0.011844078274255819,0.010077984056143885,0.0006362623329344938,0.056885697156234226,0.11891602122059775,0.44428854360888387
208,50,1502,Mystery|Animation|Horror,0.07891029857379708,0.08362187965176207,0.0002801183101702773,0.0025577983383767533,0.0767103355292855,0.021233809723948338,0.1157383891896419,0.043041800047567594,0.1469726894008555,0.14826369004816936,0.10137108942434836,0.15025773265301987,0.019686807185745885,0.011353561923311573
209,15,954,Crime|Fantasy|Action,0.09724796015255095,0.02619802410379259,0.0016673288885249468,0.22682255808108337,0.06846852333769345,0.0604817942212119,0.06333997531531359,0.005417446764181523,0.024352996807917582,0.03901607562085438,0.08859148652564429,0.0656463028055282,0.18744844681329462,0.045301080562408585
210,48,116,Animation|Thriller|Romance,0.011161431618106047,0.0201110485394043,0.01903234901910081,0.06313102517505853,0.0007128183674551105,0.05310055441886694,0.06911131938182512,0.15599778016014104,0.007725074192574923,0.2037454798785549,0.16685412789537893,0.15019284988909273,0.07895023681808339,0.00017390464635723597
211,15,1107,Fantasy|Comedy|Romance,0.0005596398450858557,0.14560008094026697,0.06769134721838628,0.04886214099394681,0.10319019702578011,0.050897332504575114,0.02650527331812434,0.126035811019546,0.07367223386431627,5.712193517189072e-09,0.000140522336856575,0.04503046922435302,0.3118031937023187,1.1752294250472687e-05
212,74,859,Horror|Animation|Crime,0.026918767141566474,0.001303283568857182,0.11348522757234894,0.11954046351985642,1.1494464586182028e-08,0.008226850427368126,0.0045817704201011585,0.00137710836475118,0.5238477260694953,0.14706371334948493,0.0008658253652474671,0.02468600575164393,0.018723975445967985,0.009379271508846593
213,67,417,Fantasy|Comedy|Documentary,0.0008179635555853391,0.1518636161852859,0.03854569610781164,0.0017760196637143725,0.00577662351044172,0.01288514615695564,0.07018357397787944,0.01762024144592267,0.054608752322868735,0.00750921982182302,0.10458887551227852,0.003660231724590003,0.3953221681518493,0.13484187186299368
214,49,766,Mystery|Crime|Documentary,0.0791814646555044,0.0020496949225124387,0.023416831471251162,0.13221556066500392,0.05690752806847804,0.02329940076319696,0.009857225492436922,0.0363146222271398,0.005588222632304601,0.04881171245051026,0.009713976465130255,0.40508999311908306,0.05767474732183509,0.1098790197456131
215,34,1527,Crime|Documentary|Mystery,0.10513289016461332,0.08859456071530071,9.64366901784771e-07,0.28411907641167333,0.036314080409011816,0.013038382237018949,0.09413384058658639,0.029518491588826832,0.09897543775917647,0.006653494328589151,0.002456314206049876,0.11698195121049997,0.000706093388087657,0.1233744226276638
216,36,1380,Romance|Fantasy|Crime,0.06221076200915758,0.029305164798278653,0.09529821864717021,0.12829587771325948,0.0020596057036431975,0.03309927899924859,0.03093753283893013,0.24558421334624606,0.05917008342445345,0.022644445710179595,0.06443126719269596,0.0005698295728331791,0.2221076863691549,0.004286033674749129
217,62,272,Drama|Thriller|Romance,0.023134599598267767,0.03132031313349208,0.018305864053166643,0.10913289539059513,0.011614228062720153,0.05183097361268415,0.3815080605328829,0.127056585343676,0.031229713389023195,0.00010057214744410011,0.20393021818826687,0.00037032307523006495,0.005150071781505679,0.005315581691045408
218,34,102,Documentary|Mystery|Spy-Thriller,3.736814378450859e-05,0.0050815778105639834,0.015926940524446775,0.005412965800876519,0.09005902271617389,0.0252935606230292,0.0508500699914532,0.07698381393585639,0.005425687149862579,0.08823465395348366,0.05967839127958568,0.09197789406846982,0.00016631086703820035,0.4848717431353756
219,51,1967,Thriller|Action-Comedy|Action,0.17124119985572994,0.00792703635066306,0.21966234463769416,0.1433665759599987,8.765273018810666e-06,0.06179319588765794,0.013161942877136942,0.040035503402398254,0.06443796134051917,0.0013592878060410276,0.26882411248252147,0.002069631885699038,0.005030372462872156,0.0010820697780491767
220,23,1936,Action|Action-Comedy|Animation,0.2947349311885527,0.026993488948976817,0.2317782646268489,0.03949118489629326,0.00027247085152026676,0.0010903734770371998,0.01786022859233207,0.01972607400388996,0.010383864362188217,0.21558929869806462,0.027330876066692576,9.428248316377782e-05,0.018567868098844753,0.09608679370559464
221,33,1312,Drama|Spy-Thriller|Action-Comedy,0.021841141866720624,0.02153619252190011,0.23070470673385285,0.0648507358691801,0.2638133914015373,0.03022420088022421,0.26424216588400756,0.007871525936676844,0.028473174587189686,0.0011073811153722711,0.0017904255784981745,0.045569634990266054,0.016614539336415397,0.0013607832981588014
222,41,780,Spy-Thriller|Comedy|Documentary,0.033754391177609276,0.29687672328596015,0.003094675709069296,0.0025112463410913474,0.3451022677103035,0.010319821768726624,0.0447439774566887,0.0003753414733089529,0.025140057880130712,0.01610254671736243,0.001039374475331624,4.684228845922182e-05,0.004612485251542769,0.2162802484644153
223,70,1665,Horror|Romance|Documentary,0.01695587042722974,0.009634140497142772,0.056068906048916164,6.434929464344125e-06,0.07391794754252323,0.006047333033201382,0.08030050881305711,0.26248965249398964,0.35133891099748105,0.000851177524398198,0.005117128423827734,0.05105382434306976,0.004430447221830888,0.08178771770386806
224,23,1145,Crime|Spy-Thriller|Fantasy,0.06631965952601032,0.0012796882547596487,0.014846847716545946,0.322720837853027,0.1561969711677486,0.0018071165928950955,0.06808402364608616,0.016087589487584774,0.03245496608018512,0.01072944959727399,0.054804449442760736,0.04126773288482691,0.1455443631597157,0.06785630459057979
225,70,665,Documentary|Action-Comedy|Animation,9.50031319708367e-05,0.006859892006717481,0.2133458055446922,0.004349197035678107,0.024396497628158074,0.03065973370728387,0.05246339875798349,0.03857169040961072,0.05890098385723776,0.07372055815842696,0.015338719651720881,0.011796761762646801,0.003401467627698168,0.4661002907201748
226,55,1542,Sci-Fi|Spy-Thriller|Action-Comedy,0.04877093890917343,2.4468654695914855e-05,0.1377054107133673,0.03578871451153595,0.1398724731383351,0.264501926206249,0.07098470694585543,0.11701242901653916,0.051285428344958306,0.1039764401662758,1.4847565305740043e-05,0.020023276253205508,0.00310280058942271,0.006936138985080645
227,51,1708,Sci-Fi|Thriller|Fantasy,0.017377674360378022,0.0007844741782650708,0.012312516625038052,0.0351372436337457,0.0011504772101284646,0.4481313272976754,0.06563149007335736,0.04311500025187243,0.03952224268162608,0.000810573562182141,0.24075201519036332,0.009309131486074602,0.07659343759561664,0.009372395853676722
228,71,1776,Sci-Fi|Fantasy|Action,0.1198515879382097,0.004118909968920223,0.011367570801314373,0.11098648054656038,0.0284880808904122,0.3518451135447943,1.1667372738664776e-05,0.007221324746728006,0.08507216311645499,0.06053434774944474,0.007745028755246289,0.011327868426381007,0.13335504158402303,0.06807481455877215
229,72,98,Documentary|Crime|Sci-Fi,0.008207436428926487,0.017425098194880806,0.03151417757636037,0.23444057914002828,0.009904072795795681,0.10152306301547356,0.06257148265174621,0.017295445992111507,0.00783566463130236,0.08204320421650232,0.009694064152568866,0.0006198551567913872,0.018846639471449184,0.39807921657606316
230,42,736,Crime|Spy-Thriller|Action,0.11377420112704667,0.0546515981481111,4.228749506648293e-08,0.3039506108450043,0.20565459753907103,0.05537699053923882,0.011518621045588335,0.054217871106172925,0.0029228481759830493,4.161844868547098e-05,0.07333379554964782,0.07923265616832394,0.02822896945078321,0.017095579568848242
231,74,1105,Action|Crime|Drama,0.46104855732726774,0.03392710657389464,0.008214175006632388,0.3596728341533978,0.031048374682836194,1.9797638997214507e-05,0.03948790952416365,0.019375870501399002,4.056803708995584e-05,0.024129096638368527,0.006888282872463418,0.012889488156864007,0.0009375972452458035,0.002320341641379653
232,65,876,Animation|Romance|Spy-Thriller,0.08304158381420375,0.046099787448450225,0.03629784745775014,0.0922100626236704,0.15992787743383347,0.006716131012660391,0.00010858847298784,0.21563464487230993,0.03155409062632698,0.2679146184858369,0.025057084432732666,0.024119138833598314,0.00907591345356829,0.002242631032070681
233,65,703,Thriller|Animation|Comedy,0.010759258181439437,0.13762602495589749,0.08656651001922526,0.00042564917028590485,0.03055923803306106,0.13185916994033342,0.11138023504731338,0.03589604183222165,0.007395916665508855,0.17102275079392398,0.24426028829279361,0.019534897551369917,0.0008376614768023506,0.011876358039823794
234,14,1001,Mystery|Sci-Fi|Action,0.20471992121401777,0.003887512637349119,8.602834017985535e-08,0.008114960803018063,0.00024206683175489536,0.23604159235787567,0.011083866978302319,0.10747307762487275,0.04135678957807075,0.00436888245539849,0.002176665956409168,0.28904294627673616,0.08890188574296926,0.002589745514885348
235,48,1975,Mystery|Romance|Fantasy,0.0023018286629572816,0.05655631474798739,0.005105861682227399,0.015532556379465963,0.0029432154813438236,0.01306411756639815,0.004101586239417732,0.11352217500473158,0.0011277992799710388,0.039992727304107925,0.03999600231274121,0.6358795953148543,0.05993100201650941,0.009945218007286932
236,31,485,Mystery|Documentary|Sci-Fi,0.005739442443762185,0.0024263867958026065,0.00438444413225104,0.1235519261688844,0.019523231492253663,0.1393550517189942,0.018062220568148837,0.011051000372309584,0.01187409111321907,0.012941897271807532,0.12943692454851843,0.2704401901685847,0.047928202915461786,0.2032849902900019
237,39,207,Horror|Action|Action-Comedy,0.14623410128198924,0.000910459747679772,0.08527596745795933,6.197673014712061e-06,0.04191885090993159,3.219863146861549e-05,0.005501002311139976,0.053968677231912496,0.5453583993385476,0.009815230991509244,0.00013782442468336114,0.0076421893965670125,0.07012861190620534,0.03307028869739193
238,54,789,Mystery|Thriller|Romance,0.0011248300917278862,0.045950080199767485,0.00019356017865232978,0.0066694633009687756,0.03996614100167478,0.047353138647486887,0.001977612799592558,0.11104808879531566,0.01024242476635213,0.0009684135899017755,0.1501299414902316,0.568735433411593,7.60537706451641e-05,0.015564817956089853
239,30,1773,Mystery|Comedy|Action,0.15900365616766968,0.19402305108448425,0.002998661089828799,3.1709134650009646e-07,0.00971680790255993,0.00026417858237361266,0.004352996831460483,0.004357936040040042,0.0023462433635019556,0.08330330006004716,0.056175092534408166,0.40250147531401764,0.008988052193335294,0.07196823174492636
240,59,404,Documentary|Thriller|Animation,7.122050231889869e-05,0.002857965081251659,0.0029447887075558705,0.0389541770324014,0.0672156597652711,0.08339133509240627,3.2609045801650964e-05,0.0007488042677307777,2.030906770269466e-06,0.12251938464663038,0.23863353254594696,0.011284164618196263,0.11906620946867041,0.312278118319048
241,31,662,Mystery|Action|Thriller,0.2636114762835264,0.04263087379818159,0.027138532050568917,0.00031111615034455214,8.34913079289841e-05,0.0007749756554081629,0.00299026143978081,0.02691480738562134,0.07248492385453828,0.02528180481021751,0.10570554022335604,0.3639512212996361,2.7888543730129638e-08,0.06812094785234765
242,59,1406,Romance|Horror|Documentary,0.06595055424996642,0.007577071052185494,0.023300938439561034,0.035163118520010694,0.10569990560327083,0.05719344694460882,0.017071100542518723,0.23293890074831863,0.1914142796852195,0.02294177358284615,0.030107360940660705,0.004256189396950843,0.08854519757778498,0.11784016271609722
243,48,925,Animation|Documentary|Action,0.21182303542464942,0.026147619201493236,0.04674567025693831,0.035093067524812116,0.02256571151069071,0.0005997699716693768,0.0005778361075359824,0.0025393259260224803,7.557682586515471e-07,0.4297957706331548,0.002100528780852816,0.00016949913600056542,0.0005814024598594257,0.2212600072980621
244,67,391,Thriller|Spy-Thriller|Action-Comedy,0.00044022155393219636,0.00014309626496686735,0.13804069735698346,0.026936809494522217,0.25805595811884674,0.0018112349874152055,0.06467032652487353,1.4602995933253576e-05,0.12146241128265214,0.004569505504689144,0.27706833067341885,0.00849189667152982,0.06457153398029357,0.03372337458994299
245,29,690,Action|Fantasy|Spy-Thriller,0.3649025393276294,0.018305138207000103,0.04649453572059513,0.05540464651397119,0.11603500506539116,0.005455491719427749,0.09815574238441944,0.010675953940150314,0.041811041705276664,0.003111495845925192,0.00042076532016016224,0.031422888543040324,0.2043703548703296,0.00343440083668334
246,15,228,Spy-Thriller|Crime|Documentary,0.017725216264597478,0.004817686495845183,0.016601421776326633,0.07564186926541215,0.5714904683699069,0.04989271248206233,0.00028956014939472355,0.057381638741492845,0.03950949366262078,0.006048448520885686,0.018595656132871567,0.01579774214933643,0.057005429053633976,0.06920265693561338
247,46,418,Drama|Action|Mystery,0.21205998939602064,0.022771079393601262,0.0024499096515970707,0.0021692359914203202,0.009805760989651576,0.007619349427948333,0.3398157302085085,0.00011644970516520697,0.029268356749243107,0.09059369221936535,0.07714012990485404,0.20411254314463542,0.0008228836163302325,0.0012548896016588366
248,50,1868,Action-Comedy|Action|Comedy,0.20290499650912452,0.15351160613463224,0.20615296068172237,0.04232167937762707,9.614961523353112e-05,0.0010637877375658021,0.010825004125069227,0.0565471799704701,0.04620203563199372,0.06797416130157277,0.0654145590891025,0.00920561211067666,0.09592871720639672,0.04185155050881256
249,62,830,Fantasy|Thriller|Sci-Fi,0.002863553605689033,0.012359838675568842,0.0016730595570371364,0.08392177367536108,0.014415033712479259,0.09330287471308393,0.010040413653110583,0.0464534607630308,0.03093629087856366,0.0019731867057538304,0.2813344740134292,0.005345042782398234,0.4153798200030035,1.1772614911045756e-06
250,43,1734,Thriller|Romance|Spy-Thriller,0.07588461690690959,5.634649886040003e-08,0.08755341740750439,0.0044528099795714884,0.1104505506903375,0.08240203594794589,0.016570220617674002,0.27106858063101674,3.3748220231862555e-05,0.00375467084738694,0.3373372391725135,0.010241371035328272,5.0541436855003394e-05,0.00020014076022570408
251,64,231,Mystery|Documentary|Spy-Thriller,0.005843092192629337,0.06692164273039111,0.04294181088470325,0.09087491968523435,0.11101003789617965,0.0010925397936992316,0.06648167350056887,0.020634609683263166,0.05128407618958381,0.0020498620481427983,0.00015966742959208955,0.3417562608777377,0.004899185737627399,0.1940506213506471
252,17,1338,Action|Horror|Crime,0.4774751253174297,0.004236572549865496,0.056621378924258926,0.07899242540509184,0.0017143060376202716,0.022382515790682164,0.040049178707760924,0.006667297090884288,0.16714438840123821,0.03708213226956127,0.060214650888042724,0.0013374649179939296,0.0042424998488133385,0.04184006385075711
253,53,1933,Documentary|Sci-Fi|Mystery,0.02007674829284244,0.03449314316521313,0.0918100771002261,0.11322896217508649,0.0019020008070389134,0.14248266536860618,0.13471172798843536,0.07381829715259591,0.06375933751277373,0.028468444937263474,0.007565886050712452,0.1367253721191646,0.00043049239469849013,0.15052684493534288
254,44,396,Fantasy|Drama|Crime,0.007765465412329994,0.07698874457196768,6.261453487539231e-07,0.13981598619545482,0.06659832036458846,0.012949515043140484,0.23599977492786145,0.06696920020314075,0.006620201081458615,0.12183521047476575,0.014011417282821634,0.00045763271729814235,0.2489544237352101,0.0010334818446132888
255,61,1101,Comedy|Spy-Thriller|Fantasy,0.000351955624484024,0.27048315210294777,0.04539179586269297,0.0710777107465986,0.18910101486975073,0.03619341984192753,0.03609595194189297,0.01572214586541061,0.14645845151174108,2.099625196908239e-05,0.005197096790871087,0.02720030896971111,0.15415807378139026,0.002547925838612255
256,74,1101,Animation|Documentary|Comedy,0.09507868999767156,0.10946094233601944,0.0029743506087982537,0.015842650844070254,0.04344938691991142,0.001550231846771194,6.8951257015287665e-06,0.0016095071684586717,0.03730021379062119,0.3558244977114968,0.006791638397853898,0.027047703745408512,0.014864554160118344,0.28819873734709883
257,48,1420,Drama|Action-Comedy|Crime,0.0007950882146987107,0.017712039566390954,0.19357959678251316,0.09247278952358286,0.007896839526072272,6.173516954899274e-05,0.43056681412361036,0.005597521766104981,0.007338963684792138,1.054165976117949e-06,0.039558422766934886,0.049379065580254324,0.07956419852668604,0.07547587060283416
258,42,281,Thriller|Drama|Spy-Thriller,0.07661201756743462,0.04345053460141147,0.005486516500082636,0.0057060756512206726,0.1230178120896386,0.012389365043316669,0.15680914080654718,0.04688315264434642,0.0349229984047757,0.08140717352796514,0.27622142820119944,8.526997926120302e-06,0.02902509565589993,0.10806016230823537
259,67,1453,Crime|Horror|Thriller,0.037157539425315134,0.09567067840355373,0.00011571291845311622,0.18172678087595337,0.10080257190713253,0.031611521786693304,0.0001685880046846788,0.03326095530445241,0.15753456841420882,0.0031105374893516074,0.14556509700994344,0.000376967315430422,0.0942168900849099,0.11868159105991753
260,31,645,Action|Fantasy|Sci-Fi,0.6477567831574083,0.005372530690003962,0.021742654101741497,0.01585086846777101,0.03418151117080509,0.05819508294582318,6.19768517405867e-07,0.0012036634206634394,0.010903713960090652,0.013625214057560864,0.00024893268358563725,0.018471661002327704,0.12712061260683294,0.04532615196686798
261,40,493,Action|Horror|Documentary,0.3895927593585033,0.0008003861607935053,0.0031865189838715747,0.027287460582161346,0.019095928256878912,0.006619738430680822,0.057379701288168425,0.06633080022442528,0.2114507556245164,0.011674170999280628,0.000934673975762904,0.10208784295042925,0.0010972838219542838,0.10246197934257331
262,31,986,Comedy|Sci-Fi|Romance,0.0041063757197652715,0.5926982201630028,0.0001661703580179054,0.0545146131438554,0.0030327068572419745,0.15856565380674947,0.04904903478620501,0.08099777589963483,0.00021095383577381945,0.05140416317977264,0.004421453928993774,8.288885160669954e-05,0.0005285484137441954,0.00022144105563618057
263,33,275,Documentary|Romance|Mystery,0.10999499851834936,0.04070745156419642,0.0012514534195969696,0.005249808856307502,0.019611097489514607,0.13135334468609228,0.04715793397606573,0.14756362455540425,1.485289281772289e-06,0.0026595989962623153,0.09366440534622046,0.14265531953666485,0.10722324247506636,0.15090623529097716
264,21,505,Drama|Horror|Mystery,0.002718171695870418,0.0011053403419482531,0.0016097985534101295,0.00032366126620045045,0.036340979882265936,0.011339382710012662,0.4896531910628809,0.00017285500122878495,0.3267366547787644,0.05488650434263079,0.0013445088832541876,0.07010866803969168,0.002698349929068412,0.000961933512772904
265,13,1925,Fantasy|Crime|Documentary,0.08708054722874636,0.052920904144271745,0.010967253868676812,0.22510502391316056,0.011166190265181909,0.041541234823088746,0.027942174551506035,0.0012024856183817294,0.0023607127127199773,0.0010362098928485592,0.11564463707730971,1.5249619704876235e-05,0.27655807754314715,0.14645929874125582
266,35,295,Action|Sci-Fi|Comedy,0.3594373076331226,0.16026413965269312,0.09389308424239463,0.013622413164563982,0.049211723389048105,0.18078632532253214,0.07123270332713681,0.0020080128153183168,0.00015544701452996538,0.00036380494145350865,0.01415323723318814,0.05096653005104899,0.0018854644106343914,0.0020198068023351175
267,20,50,Documentary|Animation|Mystery,0.0526605944468725,0.052181789631596,0.051006057823785624,0.0016503878160215612,0.05230949684750902,0.00276190703818201,0.00369052481396698,0.017710705361140888,0.029166298858446085,0.22162388751307188,0.009682668595787506,0.07841144002717979,0.03198922161616287,0.3951550196102772
268,56,1071,Horror|Crime|Action-Comedy,0.04999376373962733,0.00014133299681971828,0.17968126295823447,0.18629360600789754,0.15770474006001356,0.007900192324987173,0.0163342891909612,0.004381633525202212,0.186603763456199,0.029898222396472177,0.03697168183153513,0.02335267553751561,0.08614109366511309,0.03460174230942192
269,23,1939,Spy-Thriller|Horror|Thriller,0.0031508377515951608,0.07595989127975271,0.009727367746790594,0.021126877685035836,0.4178160090405612,0.010164488981544999,0.005858703450609282,5.911098229889041e-06,0.27870329216854484,0.0006565096906519764,0.08317479972501536,0.06744228734895412,0.0013834810187381948,0.02482954301397579
270,71,1653,Romance|Horror|Animation,0.028574639471082068,0.0703708370123395,5.407437772810885e-08,0.005398626592701898,0.08196471501926772,0.015184061654256079,0.03342734261613961,0.29628020935003163,0.20167059102896334,0.15608207171831603,0.008929177272871233,3.279273940537215e-05,0.057036981752089974,0.04504789969815811
271,26,1301,Documentary|Romance|Fantasy,0.02186912951078999,0.0033249058989898075,1.4437103067168787e-05,0.0982085899591462,0.0005966868046337642,0.009532385251728634,0.07117046684817983,0.2897357870150182,0.09212505263408775,5.90410959435843e-07,0.0003823857453069428,0.010717381993434352,0.10439775618136495,0.2979244446432929
272,18,817,Drama|Romance|Spy-Thriller,0.01701725318426181,0.14018920802433615,0.02906410436322933,0.03517444751768215,0.14968367298195073,0.00031171765535945224,0.2981419708365624,0.22839624557897528,0.007935467991472326,0.0416533967972941,7.35375764277031e-05,0.0012818550590060983,0.05088261247020721,0.00019450996323539812
273,48,721,Comedy|Sci-Fi|Action-Comedy,0.0003190288381281487,0.23081269683672181,0.12035069630408893,0.04370922027354569,0.11929951251431256,0.22419353716714685,0.09035891381936785,0.03684728673864652,0.009528226865351149,0.007880620504745037,0.05221376200937205,0.0007647404218115274,0.05496140699119082,0.00876035071557107
274,62,949,Spy-Thriller|Horror|Crime,0.0030814867945072382,6.166893730619613e-05,0.023870542585935527,0.13128447335044433,0.2374981401701608,0.004091318198178168,0.015235897516750401,0.09443994068634033,0.1507885308717182,0.0360933117986392,0.10432145190527964,0.08816068152562993,0.05864839228406147,0.05242416337504868
275,26,226,Mystery|Spy-Thriller|Sci-Fi,0.0176982788955625,0.0013576993393320327,0.04308825494135791,0.04141327865630781,0.16387564224235754,0.15003352189342778,0.00479417199948127,0.04922607899126453,0.07278271197148625,0.044322912989741156,0.0011603583367722579,0.32336130950008857,0.06730934951400563,0.019576430728814674
276,51,802,Mystery|Fantasy|Drama,0.020408499068879694,0.05725710563449739,0.04402694522302338,0.04207250151601644,0.0073871095119226555,0.017553879170692996,0.1139521607564259,0.04916370946795038,0.003095911711281132,0.0035244817508662636,2.8065634658644892e-05,0.4259227620627512,0.18096847517763986,0.03463839331339419
277,39,219,Comedy|Action|Animation,0.3134024633095953,0.3266606843330309,0.01857852120345687,0.023132872075273554,0.0029812164258851657,0.002187916848432768,0.0005257696108803185,0.0019190157363127127,0.011329727093439731,0.19126201655372904,0.06041217347427821,0.007206047124276776,0.034638201234034056,0.005763374977374539
278,13,686,Animation|Drama|Documentary,3.9561283705325656e-07,0.0012981039432293975,0.0075397653983664435,0.049976053972796,0.1028814304992896,0.08474946541748057,0.1907916759312851,0.006302001813666875,0.049058742056273016,0.35562448166570293,0.003944938309705687,0.033296820614779135,0.009827894246455155,0.10470823051813297
279,25,976,Fantasy|Animation|Romance,0.04832997325678767,0.0914927114910944,0.02332631383879838,0.010505446442985197,0.048484247171495125,0.0009644800616900692,0.016518717632649376,0.16714254524498814,0.00011489487329846257,0.19138255713837898,0.11163435268533475,0.006011235083396782,0.26698169133687916,0.017110833742223566
280,63,674,Documentary|Drama|Thriller,0.0004031407937385493,0.028323156864197466,0.0002147669947164105,0.13217434749252494,0.00023506057713630277,0.01160645956695642,0.2414714995067319,0.00033336095917712834,0.009918523345375513,0.017790615857211093,0.22590980490458573,0.04020641213656905,0.02828222596437156,0.2631306250367081
281,55,694,Thriller|Documentary|Action,0.15534451411839575,0.12876585878765026,0.0016615748308231651,0.03709664057590192,0.00014673266600868435,0.021603641539184548,0.08714436968294716,0.028154699002558577,0.0624321097097238,0.0001648179503277385,0.21966154366715732,0.07769640942391128,0.02475653511475096,0.1553705529306589
282,33,1635,Fantasy|Drama|Romance,0.10497002254972314,0.011483563580805232,0.07330473073113605,0.00027574145039249676,0.028531186103891746,0.007546011604676602,0.16962738356890045,0.1311862496395937,0.00043915483841963556,0.004702675182641033,0.002623178071090466,0.024256486052390846,0.4004706150045245,0.04058300162181427
283,62,803,Documentary|Sci-Fi|Crime,0.005892779334661096,0.06614712574582465,0.04759581986045008,0.1105270035000026,0.05026132688479489,0.13824861124377216,0.07714058531708959,0.04185903528995835,0.0947331859968643,0.035196334423455676,0.09137688327428964,0.014351720067935107,0.006332448826401653,0.22033714023450024
284,55,1053,Mystery|Sci-Fi|Crime,0.09131889117563188,3.8521834243562136e-05,0.0032972798330874863,0.11504189463210203,0.02280629964128419,0.1562795147073147,0.0034150775243579757,0.024648972531035963,0.040717597502088886,0.09976256781002069,0.002350736421385418,0.42417104971827285,0.008637479409908815,0.007514117259265764
285,71,1998,Documentary|Sci-Fi|Comedy,0.004859820062738341,0.11575138605849565,0.0330539429183964,0.00302182867897715,0.04210906721838678,0.19017133080404924,0.006258259759838473,0.0029029632023122626,0.03683089327463568,8.335519657738822e-06,0.012838110030353669,0.03536872888770127,0.009356190992916099,0.5074691425915412
286,14,1614,Spy-Thriller|Crime|Action,0.06000592548230167,0.005838739034150917,0.034132094537994456,0.27287368457708544,0.42974277315932924,0.048970391906494194,0.0018955996507870419,0.000700789480816192,0.05952074478528758,0.0035519726006861536,0.05678185175344185,0.002734183904428403,0.00026546979741061795,0.022985779329785953
287,39,1050,Horror|Animation|Crime,0.0012197354750915306,0.11851281770489401,0.004835493492830143,0.15639271332292992,1.692988645911174e-05,0.0002026991112439884,0.07432219378217718,0.02028204494004779,0.2788087669232467,0.15791250276324162,0.09701073224343447,0.04209688129880781,0.01222439209077162,0.03616209696482412
288,44,1649,Horror|Mystery|Sci-Fi,0.0029044974865332913,0.001554142466045167,0.001181264759180271,2.0928237441696635e-05,0.11418736475984549,0.13321702738056843,0.002546756144417769,0.10742347302878835,0.2655775313426203,0.11066638073872265,0.12183068352446268,0.13802926629223905,0.0005084744905725799,0.0003522093485622484
289,30,104,Fantasy|Spy-Thriller|Action,0.10039116896516304,0.007997332412648897,0.08196320370849865,0.06393843415968356,0.21269943758925813,0.02250909324542166,0.0018447373718188536,0.06479249776109969,0.026843304618886187,0.05445878061709907,0.0018803202211771697,0.024080048068214194,0.29436152150881845,0.042240119752212445
290,14,1001,Animation|Crime|Action-Comedy,0.00038941302988673834,0.14079590270475217,0.14641995333123553,0.15438299121091356,0.12576079149070002,0.022681050192787378,0.10510408723912656,0.017014095520734147,2.6841502499955074e-05,0.2196915565161174,0.01374762747463873,0.002362345993953354,0.0009378121573196833,0.050685531635334714
291,46,1147,Horror|Spy-Thriller|Thriller,0.001861063465005835,0.10159958928830065,0.0011139329921833058,0.10664419336585403,0.2014650284367224,0.008123899740907794,0.0037150303099841146,0.00016551491936969869,0.3274626760708265,0.00426197714162079,0.19436423633692418,0.01063755116802923,0.027820380782887656,0.010764925981383686
292,39,1225,Documentary|Crime|Horror,3.986962058047645e-05,0.014021463364194318,6.914568026192902e-07,0.3329662562939449,0.002802093735253656,0.004604745020937008,0.00025145784048971837,0.028090361467342093,0.03643368439219447,0.007056614935495153,0.0013982629716294873,0.012829789394341314,0.0017847170848669317,0.5577199924219278
293,20,1152,Comedy|Spy-Thriller|Action,0.1744828051738764,0.23467112548523308,2.7689231748673918e-08,0.00807429670878374,0.21438197159232505,0.11193358002310733,0.06405031764662002,0.006342048972677456,0.06441229016459166,0.01090698159578167,0.0003684172610025126,2.0563725479936504e-05,0.0686309467776,0.04172462718368944
294,35,1089,Action-Comedy|Spy-Thriller|Comedy,0.06669145203628599,0.13761481648424853,0.27121764778701746,0.0012889979048112483,0.2656766528697377,1.1512172921018846e-05,0.025312590112613827,0.005890413715053394,5.484957555715635e-05,0.009159330887720045,0.040866185540457726,0.06923287386589368,0.00041968504841216506,0.10656299199926977
295,23,1377,Action|Action-Comedy|Spy-Thriller,0.3709696315884209,0.002798087398694391,0.24415148873791842,0.008121415218835826,0.21080363025222984,0.1118894005998594,0.012402999909916985,0.012677983415942323,0.01589143830442375,0.00013495577215181945,0.009356746091364937,2.4102835808313975e-05,0.00047522986170336277,0.00030289001272977686
296,24,449,Animation|Horror|Comedy,0.08841156705814987,0.1965111602034746,0.00013446756850331524,0.10636403013421054,0.015831321725245956,0.0001276356275287556,0.002238638577314499,3.639159289877076e-07,0.22139310549065966,0.2810963298376432,0.023747374721558617,8.172057177569985e-05,0.03052833715490686,0.0335339474130993
297,31,120,Crime|Comedy|Romance,0.10534639563742937,0.2274518785937382,0.0027873828112063223,0.2289663043734325,0.0634751417339908,0.0034043975127512984,0.004703885255486185,0.2066044384493282,0.00756827327627037,0.018133708061526456,0.0008461240442255311,0.0835514265384002,0.04502636893582575,0.0021342747763889243
298,33,1842,Thriller|Mystery|Horror,0.07317249695202398,0.08933577876539356,0.0034189557049132016,0.008393095927518695,0.11684034402660688,0.008147150916114822,0.0005778264030406992,0.0077175111351465335,0.1202548757929873,0.0684228519019193,0.180391339486395,0.15398042979248697,0.09174704591494129,0.07760029728051183
299,28,1755,Drama|Mystery|Comedy,0.0072633818713257045,0.13799250568533944,0.08360029412985365,0.06670625552802079,0.017273239944172642,0.0011445888148127062,0.396607447388538,0.01837253017545413,0.0011521224874687997,0.005701896032554956,0.0008526451962459055,0.2098556499474647,0.0004665380583121648,0.05301090474043647
300,70,222,Action-Comedy|Fantasy|Drama,0.034619401030023124,0.029354622273096695,0.33611663783188395,0.01902683517531387,0.00017878780229026747,0.021554344853143947,0.12468486048641057,0.1184520811851348,0.004995644360958242,0.04926316906599712,0.1028825708615368,7.69240014036713e-06,0.1568136531683885,0.0020496995056816
301,30,362,Crime|Thriller|Action,0.16922656679435927,0.00134638328841048,0.10774741388381882,0.32674282547871053,0.025139579931039217,0.01720811678563061,0.031067967477486396,0.028295473435922952,0.019923560437814763,0.031894588950160035,0.17855120962205398,0.006924026909800485,0.01904226943534298,0.03689001756944936
302,33,857,Crime|Horror|Fantasy,0.021110214619465866,0.0038650319797699827,0.001256828287990984,0.2537825433671787,0.015907628750249366,0.0022062975298033412,0.0038794307945628705,0.1271396820797552,0.2040411460606853,0.001493165889617293,0.11260314965856981,0.06482126536033586,0.13183427231113146,0.05605934331088399
303,28,1114,Action|Drama|Crime,0.39626032748927814,7.758704863348084e-09,0.05539331006768458,0.12263672585209774,3.012278300455072e-06,0.06887850287106516,0.16771949902540736,0.1040410635245415,0.033196235578278055,0.013254866803844374,0.003065592667834041,0.026729361024965783,0.007243646609395657,0.0015778484486023304
304,30,719,Crime|Documentary|Sci-Fi,0.0014015179291858879,0.05045610441322854,0.002640029372052479,0.2986258507256807,0.08315519012852263,0.09395216780791013,0.019040592143905855,0.0003759183359315451,0.03521357441227539,0.0028526349377610864,0.06723599282927147,0.08189437204487546,0.004723959219206109,0.2584320957001928
305,55,725,Crime|Thriller|Documentary,0.01830121483690752,0.013058914088258445,2.432829789972279e-06,0.4794499514946601,0.029277638539414393,0.0003193201697003901,0.0005291174536811025,0.0023245236196974845,2.738776231289298e-06,0.0011598418014059472,0.26061932012220723,0.03496672756747696,0.04977311757059767,0.11021514112997152
306,72,636,Mystery|Sci-Fi|Fantasy,6.024669748131406e-05,0.10942927033278733,0.0009204073576796011,9.757616143577034e-05,0.05059707574775622,0.18320888114854444,0.00881538489585093,0.00881450092038785,0.08930571633453856,0.07003496484544064,0.030758755099597135,0.33677302813589344,0.1101075294378392,0.001076662884767518
307,61,1303,Animation|Action|Spy-Thriller,0.2307808332603454,0.004060864167947893,0.00042177585517923477,0.006663217900694513,0.20658659972946483,0.0037339385227583054,7.52503794714483e-05,0.045820576158703996,0.0052158493004131265,0.4305275573989943,0.009181639019193567,7.668646077367138e-10,0.0005533503287796883,0.056378547211189074
308,57,550,Action|Documentary|Thriller,0.15172736288360728,0.04156817912865964,0.0606500804654433,0.004769614417043506,0.05974422744053912,0.05898927553472078,1.5667170595697215e-13,0.10688373157035518,0.1170425168596346,0.11144212211556936,0.12086776587385456,0.0003711193322678493,0.019510744941554727,0.14643325943659358
309,64,602,Horror|Thriller|Fantasy,0.09884864890557014,0.12386658370608626,0.011780009343885659,0.004092590812655993,0.008375383191944037,7.424813385387339e-05,4.144803322342069e-05,0.10372326436577103,0.2385364733040166,0.06322926119395925,0.19734599656598154,0.013171134830714913,0.13674164190015697,0.00017331571218042328
310,66,1974,Horror|Crime|Drama,0.025056768163979178,0.009797222299695128,0.005029901224470757,0.21204550868123717,0.015944273847615324,0.0014130993195341393,0.20159041446496903,0.0031501931071963737,0.28526979763739,0.0011986519589813893,0.12025929236726081,0.015222278981712623,0.07901560413511297,0.02500699381084504
311,45,1208,Action-Comedy|Horror|Spy-Thriller,0.008790286991415467,0.08637708179531785,0.3317873560847681,0.05438989912743569,0.1298620098346157,3.404619475654319e-05,0.07335487523467077,0.0208930223357197,0.22240402438351017,0.007023105197479923,0.007996419393458886,0.02479123283602477,0.027718016194130248,0.0045786243966962435
312,16,1974,Action-Comedy|Action|Crime,0.20782024039850236,0.05095345691852864,0.2759487659293216,0.09879811743933967,0.026109026561835516,0.09303515226980848,0.01852629351011933,0.05784852481198465,0.043038189551928785,0.03918368814693712,0.04925708659989535,0.0234303865411666,0.0024447277748799725,0.013606343545751973
313,48,1854,Documentary|Drama|Action-Comedy,0.005948135289672962,0.0009180377760013877,0.10847490960801467,0.0533304045949317,0.08818983080470717,1.555548045984969e-05,0.13098978315643817,0.07183417010409611,0.0017203728334947753,0.08875535125201842,0.05591219890938801,0.07543853336755647,0.00015147906288936306,0.3183212377603307
314,45,1992,Drama|Mystery|Action-Comedy,0.0017732790375034166,0.003516200734022067,0.07383090693821061,0.00715272350531094,1.5698605781086072e-05,0.03754865375736601,0.6114777790504784,0.00039200749341515383,0.002968621054297547,0.0069583017166532915,0.03192624157635519,0.1285405792455361,0.06052747180542992,0.03337153547964023
315,32,936,Crime|Thriller|Comedy,0.001887815706663549,0.12465970459640018,0.00375721571434503,0.4436396814005876,0.07129296089437705,3.525958190924829e-05,0.011513467400984691,0.05026362003327941,0.006226736448012971,0.0072788094571663,0.27038540718889936,2.4611285649436094e-06,0.0023241834032143465,0.006732677045595188
316,24,732,Mystery|Sci-Fi|Action-Comedy,0.006270439810515308,0.04742282870714089,0.1694674574673164,0.00021984028214575008,0.02362013929919764,0.26410902922617285,0.0001160972236219955,0.06455924306143528,0.06167500277559965,0.00024188305085677875,0.006149803097163733,0.27401927126083975,0.013243241759249881,0.06888572297874422
317,37,1434,Animation|Sci-Fi|Spy-Thriller,0.00011056648292845598,0.052995108661480925,0.10079084125225911,0.0003708019147143027,0.11569619750845861,0.11605628237423095,0.01878463070988886,0.0021625634061813296,0.06212328461707823,0.4475890357994988,0.028357399062512632,0.021955303849627423,0.0328142897702205,0.00019369459091988446
318,41,1138,Crime|Horror|Thriller,0.0014993808681540131,0.06328001766810158,0.029686981141990004,0.27947308713043256,0.0015769935124941958,0.004470010812927693,0.04050714529309377,0.035408274896280276,0.2777228780016258,0.09336100723516527,0.11353161862591538,0.04832331324856291,0.0019482007329270428,0.009211090832329448
319,54,238,Mystery|Horror|Documentary,0.03686240860931418,0.019727346566265052,0.07570767917734343,0.022336825880426084,0.0004317317509162027,0.021574582745870576,0.029297165497703278,0.07793831828834419,0.1464655994271924,0.02331681157758543,0.027110274435292587,0.27296714750818335,0.11282254327572935,0.133441565259834
320,65,1096,Documentary|Drama|Comedy,0.006469688683457153,0.18397397763836168,0.0014352074553422136,0.09224475833783981,0.0198078660448431,0.0038072109893787704,0.21519564770172955,0.012517104064348188,0.11645006926916306,0.013202376564826953,0.002080296850479405,0.07713662749334851,0.000838399231771862,0.2548407696751097
321,54,1591,Comedy|Crime|Mystery,0.014007823923582276,0.23160326880893098,0.015386278832763436,0.20857590413031743,0.0067772875690917805,0.03464263564275392,0.0020588594145943663,0.009791527591969815,0.15212014867094442,0.04156667261057617,0.11473354421136597,0.1678074599345263,4.1618159171332995e-05,0.0008869704994116168
322,61,815,Comedy|Documentary|Romance,0.007153870117084359,0.37225269196949956,0.025308339462727678,0.00045282671122843734,0.027093422297598434,0.12070346240065795,0.06600402117161971,0.13112920410098064,0.024671348324561616,0.028702456548220352,0.0036812612440520467,0.0006350522658468981,0.043870302066452684,0.1483417413194696
323,52,1882,Crime|Animation|Documentary,0.0022483324919042925,0.004122511852543704,0.099721135090088,0.25452090710807557,0.08736665686291058,0.054086952190342215,1.2054773478672697e-05,0.0036909665598992103,6.614159619858135e-05,0.186981469628066,0.13312729540709817,0.009965696021920718,0.023111520294051644,0.1409783601234227
324,22,1592,Animation|Crime|Mystery,0.11770199655882146,0.13905277473474506,0.03318003812399479,0.1544458428501041,0.001757355415628874,0.006268417125175449,0.0023419539522141213,0.025650865823921294,0.028350830320944313,0.24887610989369785,0.0702036073015693,0.14311856251423544,0.008119272760766962,0.020932372624181152
325,16,204,Documentary|Animation|Crime,2.8655259294347647e-05,0.016371165524888973,0.0012173358233552468,0.1789693837824577,0.07535128710909228,0.020758835489685476,0.00482378198181699,0.0729876212854548,2.2362311224321234e-05,0.2948557128031745,0.02786270644226867,0.0011582802685062407,0.0020232804542273056,0.30356959146455326
326,70,867,Spy-Thriller|Horror|Drama,0.007200302657406867,0.00021580898027292382,0.060454571549011536,0.010767340220963716,0.47308713572452005,0.06065584928752639,0.10133589121650328,0.0003179772846358768,0.11362584769320411,0.017385913212823487,0.0008137853284332691,0.028070604957897257,0.0795372749520962,0.04653169693470525
327,46,782,Mystery|Horror|Sci-Fi,0.1241501864852281,0.01169428384212373,0.013323133258472829,0.014930686664490002,0.0011098254033628378,0.13441127267772376,0.00629513873830071,0.004547439684976842,0.15330147180703907,0.029436993286784122,0.061220807343487074,0.2954954353293721,0.0678148699347411,0.0822684555438976
328,18,928,Animation|Horror|Mystery,0.12688699933572078,0.004264829821003587,0.0080024916085005,0.00013049072484789477,0.0017914744426204047,0.00754881791997264,0.037426613667854665,0.1389325015645624,0.22224547392775673,0.22911363973929333,0.005466837672610762,0.21177815768373698,0.00019372891197143568,0.006217942979547826
329,36,1116,Animation|Drama|Fantasy,0.0808958995849781,0.009881837365740383,1.5779929165916906e-05,0.002127457014521478,0.020806833018427735,0.006016728522844407,0.15365662210918657,0.0916239524502431,0.07183357170556898,0.39419396416242924,0.024005681555138204,0.04069463344025865,0.0946551968445573,0.009591842296939806
330,35,1975,Animation|Fantasy|Romance,0.13483742568893506,0.006118438508387169,0.05326919092353989,0.014287161082383355,0.0004243950807425088,0.023616055016110287,0.13414628684431645,0.14957789877503577,0.010967389349115415,0.2237940222267376,0.06336704672132286,0.0015961792184700974,0.16593374860009477,0.018064761964808773
331,46,1218,Comedy|Drama|Fantasy,0.0033102791597455616,0.44832661550917374,0.03135875736429625,0.028095256549032124,0.042019195045319487,0.03356704999676998,0.23953582786533334,0.042938425311625346,0.020345947130978544,0.03065721802507961,0.009876394212988499,0.0013196467932531351,0.06793764142177233,0.0007117456146323648
332,38,1869,Drama|Spy-Thriller|Animation,0.04596141643015665,0.001376326819875262,0.08425876255888001,0.0586060959659097,0.15373263823463917,3.3690378941127484e-05,0.3294013964017322,0.0004929793849263918,0.0337959935447333,0.12429295027401767,0.09905891416853273,0.0044267340150784635,0.024392656555890343,0.04016944526668698
333,38,635,Action|Thriller|Documentary,0.37876491240903737,0.0035199721411978877,7.244622378555774e-06,0.02080951847654937,0.010661623858410995,0.13060370778552075,0.02352825389500081,0.027629447923931388,0.06328611567509844,0.03548741158727439,0.1556057029059799,0.01010579435228623,0.0007903375705299573,0.13919995679680397
334,67,1997,Fantasy|Action|Documentary,0.21186083856157809,0.013497644229356481,0.0007718459193141911,0.10254479534861267,0.01699246584526781,0.02841672061034486,0.049672283840372845,0.03771753450939226,0.0019128555788549097,0.024851145508363953,0.022646533822915833,0.07916590451534938,0.22718028218971567,0.18276914952056098
335,30,1304,Animation|Comedy|Romance,0.08832200570074276,0.19394385676485745,0.03986381548254957,0.06862745810116633,6.761027622219503e-05,0.00010755092485982475,0.0017063750054518785,0.18319965557778828,0.06533067436665774,0.19452297453728232,0.12634289795056797,0.0211105184100475,0.01620044751286066,0.0006541593889455517
336,39,1366,Horror|Animation|Thriller,0.019738696004470587,0.04226972009864489,0.025320575497828235,0.00018651903023778548,0.006285231397427395,0.0026413274047782207,0.07679471744693611,0.004787328526129049,0.42908118720053146,0.2157015027383923,0.170616502251314,0.0013533203500278293,0.005211473227644986,1.1898825637125054e-05
337,68,1161,Sci-Fi|Animation|Documentary,0.0014415451160167765,0.0010613903018975464,0.0019509332215527832,0.006853359691259419,0.0048379001682492045,0.40612886817249083,0.003953978457730475,0.004156977686602656,0.008415043356492213,0.22868186548099792,2.0337423192165003e-06,0.13288414769823895,0.00037227162277626765,0.19925968528337565
338,39,325,Spy-Thriller|Comedy|Action-Comedy,0.06958312017518824,0.1645281506533814,0.10536344306758397,1.5485622139635597e-05,0.4104939711341444,0.0376957587042071,0.06742417491067595,0.028132544421278067,0.0017819813049395944,0.10206122567393548,0.004808532735337255,0.0011357500077602584,0.0018921217065530087,0.0050837398828756245
339,24,1183,Sci-Fi|Documentary|Comedy,0.044252916963351104,0.1854622265608429,0.07166292525614958,0.013098338287333745,0.0023059825061726756,0.30915980292414774,0.047577141322706726,0.020198220087831703,0.0003909523685058178,0.0006949480170224502,0.011190563312190751,0.09221668785620812,0.00022756308461950134,0.20156173145291717
340,66,1122,Spy-Thriller|Action-Comedy|Comedy,0.03966232228645698,0.1628344341176698,0.21494696620279144,0.05510366077427671,0.2545533673257933,0.008487712408208269,0.009734723342467898,0.045223972498592745,0.008780229094961326,0.007830196326018904,0.05161733246105484,0.07315997824941282,0.06776779039712494,0.00029731451517000135
341,73,1469,Horror|Romance|Thriller,0.06398521693489813,0.0023656837366147617,0.009223805403979013,0.0001559045451108366,0.0010571642332560173,0.016904131051539147,0.0004064860154445545,0.1708549668949237,0.46573293068330524,0.019804838728581162,0.14174453473433066,0.0017255846415691867,0.02672825559068915,0.07931049680575854
342,69,1923,Crime|Mystery|Comedy,0.07807425014744929,0.2278446556518292,0.059337278789962145,0.2750480346924663,0.005774344097757774,0.06157024462235034,0.003033755787653836,0.0054553878855658905,5.4803900000220316e-06,0.007149422621854974,0.015192493238718125,0.24555654519978978,0.01586179879069555,9.63080839069731e-05
343,67,1650,Romance|Sci-Fi|Action,0.15383642261847216,0.058594114411996336,0.0019661992978591766,0.015795474183663942,0.09812882177397814,0.1572151282029869,0.03247605775753499,0.227485635822107,0.06305409000936496,0.00035573248960963575,0.00017527576785911455,0.07774236913696807,0.10356737358661762,0.009607304940981984
344,45,1359,Action-Comedy|Spy-Thriller|Crime,0.03474121875227853,0.012532989751570897,0.4313596593788667,0.1749598304448355,0.18783175242498987,0.0002652416712780559,0.011991449494423746,0.010710652810691074,0.003928418931917775,0.05024974608454647,0.007682886426269736,0.011149123382755364,0.03363800312916332,0.028959027316412894
345,31,1669,Animation|Action|Horror,0.12088375992645335,0.0011320419260410863,0.08887518017925095,0.0014750665281620535,0.039359930368322055,0.051452436126559274,0.025035072111538288,0.0012613060151433731,0.10749840809196619,0.3135254297736931,0.0807364658740194,0.10483391367305657,0.06371072631856049,0.0002202630872337875
346,34,43,Fantasy|Comedy|Drama,0.0015146219799995525,0.1928694009989993,3.473216997835265e-05,0.1455128293909751,0.03226476100651243,0.004182613963945038,0.14704546539417215,0.0059095451147926125,8.673059790565564e-05,1.5872729183683232e-05,0.004990957924568681,0.032754468565888525,0.43246862024928273,0.00034937991379624
347,17,1909,Crime|Sci-Fi|Thriller,0.006184170958099198,0.04490008658247752,0.09202094516809019,0.3055596858038312,0.03237031677670923,0.20832485748988325,0.026492946173367466,7.856635256863692e-05,0.00017784492201139461,0.0024072458275141992,0.18791972923707229,0.08120723918246887,0.0014244732086522646,0.010931892317254444
348,45,1797,Action|Documentary|Comedy,0.3228003674551293,0.14679240141120906,3.3300149255186243e-05,0.0034051568993031787,0.027723762117241375,0.055512318491245036,0.08382659671285882,0.014237354409836303,2.2823725489501535e-07,0.014736835747551096,0.0015121197931507301,0.021114228350428737,0.00723425240992551,0.3010710778156107
349,52,862,Fantasy|Animation|Romance,0.13112114670050862,0.09211745155772899,0.0536222318076427,0.00010480824534984475,0.09377626093534075,0.0054780587143091804,0.00207960375344077,0.14323786710432904,0.00010418233168678878,0.1830169635337602,0.0807658551577593,0.013528952558024759,0.20025592215560103,0.0007906954445178932
350,23,1944,Horror|Action-Comedy|Romance,0.0036581061209799703,0.0922575559313765,0.1892744719444317,0.025176894118128002,0.0017916092000617241,0.027296014100235143,0.02526458271560435,0.17023136285507842,0.28323623295944256,0.00023449131121138376,0.004365871050917503,0.044675060673324794,0.11491627574152076,0.01762147127768716
351,33,294,Crime|Romance|Fantasy,0.13413955142845901,0.0009033454705144147,0.024646109800568795,0.3065078299599627,0.02377634521155037,0.018960776774873882,0.09787293207693869,0.20642157454497717,0.007483882014581449,0.0006899871601062533,1.8171630022696125e-07,0.041900123311139084,0.1350042742150205,0.0016930863150076024
352,35,1166,Thriller|Crime|Comedy,0.008071712069219247,0.12282525803170075,0.03170846259335527,0.15070654200573333,0.003672277743512775,0.010636518494718562,0.07163621221335571,0.0045749866003800144,0.030358650166241327,0.11416143407228868,0.29285130746792687,0.09055642282586257,0.01915926038513027,0.04908095533057473
353,71,904,Sci-Fi|Fantasy|Horror,0.0050609760967578275,0.06186266539207878,0.014138316836890014,0.01664640676143177,0.024693625554288893,0.5540335985616183,0.007871369849860279,0.00655512434452524,0.0914260729560172,0.026333862447981474,0.02293863746271802,0.0015126422733288908,0.1613180524561965,0.00560864900630668
354,18,1228,Action|Comedy|Horror,0.2639730555086718,0.22423785548952824,0.004198697077089862,0.06517854302969416,0.0043960493950663555,0.00424890011529037,0.012388593631185989,0.11978022201699694,0.19231211640362564,0.022547384842953846,0.004590354784087093,0.0011424214581127476,0.0464163740479982,0.03458943219969901
355,33,849,Mystery|Action-Comedy|Fantasy,0.00013160090020814506,0.013981427660932109,0.21524691555444422,0.09033587224019518,0.04245192741371793,0.010032060907115803,0.00011840530199293773,0.07978184947489027,0.0026619377104958168,0.016691807813367657,0.0009169700921253552,0.29474770076849566,0.14492957506328719,0.08797194909873166
356,57,723,Crime|Sci-Fi|Spy-Thriller,0.04332109575407587,0.017730519468905137,0.02112754851417437,0.4144064950149283,0.12063893637162036,0.14808114749260953,0.019426967801565175,0.047714186434485995,0.0004987906792617036,0.1056437162314667,6.053136105136551e-06,0.03447518058934291,0.026929323881759108,3.862969977761485e-08
357,61,1685,Mystery|Romance|Comedy,0.0712541072535562,0.1501051894368292,2.081998630024625e-06,0.020555778288168382,0.0053640115993488155,0.10814824060254477,0.004523200751891008,0.17986787437883384,0.023542434654779447,0.015770089270028292,0.03735583729429888,0.18267036212533064,0.13343527113992731,0.06740552120583317
358,34,1026,Thriller|Animation|Crime,0.006857798448315426,0.034609723783393304,0.015075077165299489,0.08814811919331991,0.01091521614006856,0.0035197465195528554,0.0006051974475064168,0.005085119183959143,0.032338322378565605,0.26479986649722714,0.4453600135033666,7.832337815222802e-06,0.05230294847547259,0.04037501892613773
359,41,1183,Drama|Fantasy|Sci-Fi,0.0032383684563408884,0.001409037489043385,0.020428056930794556,0.006962788407323452,0.005850933761225018,0.07463086738340621,0.6273328056904169,0.020195355409203593,0.01824401255336074,0.003048926178740598,7.33674278089492e-05,0.046450372177995726,0.17200562413092935,0.00012948400341088564
360,23,1702,Comedy|Action|Fantasy,0.14821799893606233,0.4153310006951363,0.017060790260294063,0.0006475478632901751,2.4587742730004784e-06,0.0015742939594450484,0.12184470426043721,0.001854000450959277,0.005652659787184753,0.019910431255320462,0.00710765772401384,0.07917395274982016,0.132637573419971,0.04898492986379232
361,31,370,Action-Comedy|Action|Mystery,0.13907734033180058,0.056409995016899944,0.3852155500817982,0.04257132310870225,0.040625240784916666,0.001280838760867798,0.007766368707334138,0.037625060303513286,0.054466386588456324,0.0005905002406267671,0.10364083194370055,0.1111931570589862,0.017266359776570032,0.0022710472958273765
362,17,208,Spy-Thriller|Sci-Fi|Action,0.03863880642747458,0.014826484370822332,0.015421912673555164,0.015859745009432106,0.8462067912247708,0.0437544157341791,0.0007136958652521285,0.002386266451134597,0.00162112650663212,0.0036384615619012906,0.0004782452549636147,0.005774722436137453,0.007718151614478286,0.0029611748692662102
363,30,1981,Action-Comedy|Thriller|Romance,0.008668223197238775,0.046062670771178295,0.3906070211871017,0.008056146659254458,0.005207514214564574,0.015177435685920629,0.0047331455898188685,0.11381717272478607,0.010237832309520451,0.024188634678260823,0.22676113784203294,0.03193485789739406,0.09177591188455121,0.022772295358377232
364,47,1845,Drama|Crime|Animation,0.002413950650293295,0.005110111982119959,0.11180325704024614,0.2565686790388418,0.007618436625202851,0.06705462492296793,0.28118343811699936,0.013187712060442556,0.003161731350710217,0.11559516931552653,0.010812184275129703,0.034348605418855385,0.0909006946466772,0.000241404555987194
365,73,1989,Romance|Animation|Horror,0.00014315796261278764,0.09535459482213961,0.019773712054458173,0.09596494165803215,0.0016078331180341369,0.027878745274175366,0.05077116097113705,0.33821860064319537,0.11306733497356872,0.15245528963031013,0.027435324308041218,0.07508571420233794,0.0021591940501228903,8.439633183414646e-05
366,17,1396,Action-Comedy|Spy-Thriller|Thriller,0.024658153683320402,0.0011519855436090722,0.2964975613731829,0.012121963151132426,0.2598320326328244,0.0002930401525214927,0.036024949574923096,0.009438339753874526,0.03517505396440573,0.018996576086967712,0.2224433510036094,0.001660434352134045,0.022812881540498136,0.058893677186996736
367,48,1284,Horror|Thriller|Documentary,0.000797073024499187,9.200080343025329e-06,0.028048558910872066,0.002649907007974276,0.01209047333729649,0.01596714393227325,0.10809917021957635,0.08515102279714963,0.26442011989375475,0.00303505731052302,0.1680115730991947,0.04519487220500455,0.1284156331453646,0.13811019503617392
368,69,665,Action|Drama|Spy-Thriller,0.2546016446120061,0.026387807103444308,0.004253467846995041,6.319755149468953e-05,0.20007740367368113,0.10966363909811659,0.23453978631775413,0.0012304923711375162,1.8808112945586064e-05,0.003017826652163227,0.0003246750627408723,0.0366492545570391,0.0725422679803693,0.05662972906011238
369,15,823,Crime|Mystery|Fantasy,0.030152755758619896,0.015018912250568804,0.012016314582433638,0.4534448967069697,0.07256803064193772,4.102283850170581e-06,0.00196647883339694,0.0005055662359040744,0.0072905496157660695,0.0019230729694805846,0.04975021963819837,0.235478825304207,0.07400044904020915,0.045879826138457716
370,56,492,Mystery|Documentary|Crime,0.010884299229297383,0.0015036112739706816,0.0001280279891423217,0.19243342133592053,0.00023174536268669125,0.012249222818453108,0.07369865847725009,0.0339169027598954,0.004149549052654464,0.032936051295707466,0.0515103056887903,0.32564184678334257,0.0002698149119394307,0.26044654302094944
371,34,1471,Action|Fantasy|Action-Comedy,0.4836789350814365,0.026766518959462755,0.14939166941343945,0.028050198101347866,0.028787646408889797,0.00030268864069749377,8.881131945132448e-05,0.0077205312424081735,0.015996061884361246,0.06792173554742684,0.02601161254486665,6.629914978643443e-05,0.1594141555647931,0.005803136141632334
372,47,1349,Comedy|Fantasy|Spy-Thriller,0.02050522921166383,0.3833382024844349,0.006204289213624933,0.0028365603038848775,0.0950629581338056,0.010376789972945007,0.04880465514305738,0.09176248411913866,0.0012412989327311027,0.021532942883632885,0.008945430546458284,0.05475270015118792,0.25225496522382773,0.0023814936796068198
373,74,468,Mystery|Action-Comedy|Romance,0.02103799787771154,0.05347089924278966,0.26823942577826115,0.020382240202397064,0.003572191628131579,0.0020217200919320387,0.06075630816285103,0.08500894133775552,0.012837175704898476,0.049093166067729156,0.07825254814405166,0.3134491028922332,0.02940718377543555,0.0024710990938222877
374,46,509,Crime|Spy-Thriller|Romance,0.14032504847197177,0.01747248753679934,0.0025862297433831977,0.2548582183357097,0.21143993191247146,0.024824746510996327,0.03684836810997007,0.16817419697567138,0.0025357373760167643,0.0032230144207035963,0.0019267796044401186,1.9676257399698916e-06,0.0018919147880437923,0.13389135858808265
375,15,1260,Thriller|Documentary|Action,0.09390935664195238,0.09006002518836201,0.03426827606735987,0.0021825117317482543,0.07917469033926713,0.010837849334110156,0.00019819004482896045,0.0033766935634973786,0.00038494586396607894,0.054351638170458905,0.2898100589344155,0.049142706955155144,0.057274423906213665,0.23502863325866435
376,42,1211,Horror|Action|Drama,0.324026944712723,3.5773449541696164e-08,0.0013773935756658845,0.004941590328767665,1.2599131855780442e-06,1.4813670841316311e-05,0.13402250575990793,0.10254220912493625,0.38404252538931355,4.571772053374435e-06,0.011278655052952365,0.034163824734541375,0.0024857279711960677,0.0010979422204662355
377,36,1307,Horror|Action|Drama,0.16157389005078726,0.00866784530055909,0.08770749353396805,0.04285760987998724,0.00523690793713128,0.14921428357395541,0.15973105973824553,0.0011800775940130424,0.19808232771360412,0.009416864600986702,0.006427492943077631,0.10710963471350965,0.004590909580911232,0.05820360283926378
378,28,1365,Romance|Mystery|Drama,0.04221419774271046,0.02660697326156472,0.13230872188232226,0.060690424105909156,0.02192116207303133,0.0058267023081278084,0.1414388003652435,0.29595533495568627,0.01653376242456932,0.0038449916685074715,0.0003169793604090957,0.22061747884261018,8.11183427372693e-05,0.03164335266657118
379,14,166,Drama|Fantasy|Romance,3.08901228179036e-07,0.007918609149685157,0.04337273668821767,0.04413312917463215,0.000810563785357319,0.02382416736899436,0.49599666769732886,0.086805852729621,0.0032351090920496664,0.02023119214597964,0.012423904527104136,0.010670899177003671,0.23670902394683335,0.013867835615964684
380,57,1827,Thriller|Comedy|Action,0.05748338749910637,0.1500140169924813,0.004652385909280913,0.02491125089209316,0.022775471253387504,0.047512983196695,0.028024029210771368,0.013090862035888511,0.008667440674459988,0.017559645804221917,0.5634066630696364,0.004415551983575928,0.01918874648584247,0.03829756499255915
381,32,1475,Fantasy|Thriller|Documentary,0.05322564893291732,0.0485627744913218,0.01957289968935982,0.006916589774855381,0.0017253278518685293,0.04777128096398532,0.05494361183014731,0.00014652809692390563,0.030488168959427426,0.05585984855084499,0.11068682613089222,0.05395116916620006,0.45831528720278225,0.057834038358473804
382,53,1457,Horror|Action|Crime,0.13196512012182018,0.0008086995265116106,0.046738111279419965,0.12387327575100145,0.08004295206330653,0.0013965524083185755,0.057719355314533635,0.012984532404794242,0.4026867715648435,0.052779769293270704,0.021552322445943625,0.02153442181651992,0.0032408685402763792,0.04267724746943959
383,53,1116,Documentary|Action|Spy-Thriller,0.4378811309012071,0.0005075565058643003,1.5200373891648888e-06,0.03440838637429793,0.04202814697290337,0.010245474917098606,0.019090371730427855,0.0011580463875909084,0.002785266931609333,0.0011184240653338501,0.0005914594271075465,0.006369113655813295,0.0030720326799412922,0.4407430694134153
384,39,764,Action-Comedy|Mystery|Action,0.09125019357850554,0.08934277873972427,0.2795908680931056,0.002951279777023907,0.052020000637754915,0.0016148342758372596,0.03060220065505744,0.010022904376990653,0.05255653637960137,0.03938695634901822,0.08716551596246888,0.12983310618547939,0.04407306832765115,0.08958975666178129
385,69,1988,Documentary|Action|Drama,0.247464669374961,0.002773095295939242,0.009405525303099191,0.007432488153627122,0.05467455026859745,0.009834130154875392,0.1467863636920462,0.0075793164906236485,0.0008084774234198329,0.0015970424476415758,0.10612888396786589,0.09957160307921492,0.0009020663525947312,0.3050417879954938
386,30,1206,Horror|Romance|Action-Comedy,0.0069593272554613365,0.008729151450270181,0.15666050490891908,0.00241724331113644,0.11868592429448016,0.12438702394423097,0.013258042669893652,0.20021095710159093,0.23789758657052046,0.0033324163055204435,0.011332832190061556,0.10054932451456726,0.01510216875755423,0.00047749672579320705
387,45,206,Documentary|Mystery|Horror,0.0011997660990579328,0.006782309387470132,2.4130882400393596e-05,0.027083185858602577,0.0005713805349558506,0.0468742273193687,0.05000134553808846,0.0815661325144331,0.11480182417054015,0.06308751285783648,0.0029629761719026956,0.20945911809679904,0.04189860893488073,0.35368748163366365
388,52,255,Action-Comedy|Drama|Thriller,0.0018740651150706096,0.004904593022795904,0.3946797993081983,0.010552987416577274,0.008256755104803629,0.01902201410690074,0.2164220431872487,0.04646610449479703,0.009210456971150893,0.07592186800244367,0.2066371572992837,0.0023285467159140714,0.001513082159395328,0.0022105270954199674
389,18,531,Action|Horror|Action-Comedy,0.25430471938826166,0.0225325675452096,0.24230346022435467,0.0017298562830804082,0.015124501095104766,4.583816053928481e-05,0.05761210703279256,0.0010279314334601067,0.24956353535600828,3.578520108937403e-05,0.08419898310374359,0.03046236722469987,0.003616829749568372,0.03744151820208757
390,38,700,Drama|Romance|Thriller,0.0025594042627093126,0.0009983369795177497,0.1311117367378863,0.02069837881012082,0.002868720070552471,0.08524750840403496,0.2299862942215808,0.20359869617205964,0.005686583066881029,0.028841158758832017,0.17687916931554323,0.0010224691916563482,0.0558956539337994,0.05460589007482598
391,37,1146,Drama|Animation|Action-Comedy,0.003694875517512922,0.0851389573573018,0.16733367653181155,0.055765330692433626,9.37938852272352e-06,0.005580538378847436,0.2569367322130461,0.11610275368168659,0.04114652339943203,0.2301479069827852,0.002419586534296321,0.00038398126531064556,0.00011539189026670826,0.035224366166746304
392,67,978,Mystery|Animation|Documentary,0.021303135814789015,0.008208769864179854,0.08142554532412033,0.05362129836744511,0.026141267062060373,0.0050812395614101245,0.0048669314975286985,0.013010359561414116,0.003892029022390488,0.2294530519792354,0.004958974214292326,0.45184840672329474,0.001195685353547459,0.09499330565429186
393,39,759,Crime|Drama|Action,0.15028756970302648,0.005437092669124518,0.029275557784188097,0.28193864328024343,0.000380619946482288,0.05277129763800702,0.2221197850014732,0.0005096683885656431,0.08612095979145105,0.12479666199658727,6.448865732567349e-05,0.006636662368378171,0.03494152968320248,0.004719463091944974
394,25,489,Mystery|Action|Comedy,0.21444669876710026,0.15269677992934194,0.015382437472805583,0.11142234438391126,0.01966334482091483,0.043631926645848564,0.09548877965888622,0.023006633652266045,0.004316289759801817,0.0685928525925352,0.015681451103443857,0.22140850021829478,0.00063810417729933,0.013623856817550217
395,13,1322,Fantasy|Crime|Action-Comedy,0.02403542710760527,0.13991941499432323,0.15698027533978967,0.21078286428392407,0.09602408528395337,0.002846558972536563,0.002639835367956944,0.01383577749935412,3.4919676498738066e-05,0.03355982584406922,0.016838676136275755,0.08849460363580482,0.21373296635514674,0.0002747695027615178
396,44,1490,Action-Comedy|Horror|Crime,0.0016002937402965062,0.005757081972713333,0.21780534901670123,0.12849406560759286,0.023592138089311387,0.061190860753302746,0.09788600618334053,0.0012223319635177796,0.16805639523437138,0.08161626633422857,0.11509957479696212,0.0025254278703651374,0.0022710074452899098,0.09288320099200661
397,52,1651,Romance|Fantasy|Action,0.1425063819389352,0.09931920878999777,0.01528077780694931,8.694820824504528e-05,0.0004883034521792861,0.029966522924914554,0.02954171402922007,0.26773493877948884,0.0024136672266702325,0.04507558095725555,0.0007494125973228962,0.09859201644773731,0.26551926199724624,0.002725264843837477
398,16,1001,Spy-Thriller|Drama|Fantasy,0.0024853207043313815,0.0320513685089958,0.08911506923349374,0.017120129074666354,0.2673830386877091,0.019088894532347887,0.22107029403350623,1.3530573830798184e-05,0.1461975216664055,0.007483482668624292,0.002508444728272583,0.025645870459988764,0.16880559767106018,0.0010314374567674132
399,62,702,Comedy|Documentary|Fantasy,0.010896025478690915,0.4112256401821489,0.0021140827908010043,0.005548068771524398,0.0004045199923256787,0.08214042734986364,0.01096755452737424,0.02594115791645205,0.0157115045243686,8.069400868041386e-11,0.005028911739276698,0.016793577698803405,0.19620601002161672,0.21702251892605975
400,73,1983,Comedy|Action|Thriller,0.15538218595755648,0.3749975712208275,0.05328253983267833,0.04164568698321816,0.06417719872224142,0.04709245542335787,0.05933815444363034,0.002489269966023269,0.025682985144810537,0.06939991758926681,0.09971985196447636,0.0007364775624275524,0.0049207783547090345,0.0011349268347762064
401,55,443,Comedy|Romance|Fantasy,0.0021521329890919158,0.3814083897180135,0.00549752186746542,0.0015783998924462743,4.235072994647605e-06,0.006676302727871869,7.16842015096663e-06,0.3073440147758755,0.002436569806904977,0.014673005720489154,0.04087690620976453,0.027140563680907764,0.14285871720470486,0.06734607191331851
402,39,1520,Action-Comedy|Crime|Horror,0.04427990524076069,0.007817542155871274,0.5341041498632043,0.21652010402678015,0.05150943818957557,1.8672459954885796e-06,0.01822448051250024,0.02766867539915379,0.0517025347336042,0.001303214141125453,0.03639469872030264,2.975335220607596e-06,0.0018716349515515665,0.008598779484353931
403,70,1447,Action-Comedy|Horror|Fantasy,4.130442273519118e-05,9.061693235818561e-06,0.5905977801552712,0.03257597363125354,0.0039963709916336935,0.022613753303029675,0.006989006435795408,0.010849360470429776,0.13418377765721248,4.222984010716956e-05,0.0003523646756822828,0.00010320140600465048,0.11775062027714034,0.07989519504046869
404,24,1586,Fantasy|Action-Comedy|Action,0.11307956972436012,0.1097031494886261,0.1603832938687766,0.004552778704434246,0.024707495056872815,0.0025635927765093906,0.010733225700410487,0.01921241285775498,0.022472618642086547,0.08339219644978577,2.6871538575006157e-05,5.4192956963853936e-05,0.444946735302666,0.00417186693217792
405,32,471,Romance|Sci-Fi|Action,0.18649562671551162,0.023489588502971396,1.5858783598787548e-05,0.021047095429731724,0.1656045510263723,0.1931329348602507,0.0006285312339094167,0.282903876935439,0.01647788280324617,0.0035575470719428175,0.02554810363957369,0.028745369989441185,0.04936438926198287,0.0029886437460281794
406,15,1896,Drama|Action-Comedy|Animation,0.07408845092393206,0.003840551646439768,0.17574333116271995,0.004207318076639743,0.013245124451559455,0.01967159781859147,0.527231541006612,0.0019170248183260346,0.010259476140909982,0.12277772720903554,0.009027204335581778,0.008742448906993043,0.014360255284234404,0.014887948218424488
407,16,908,Horror|Mystery|Sci-Fi,0.0035114876142737445,0.06778839822147144,0.051345962547087856,0.011587070478760758,0.0040941990492455145,0.1605206197539173,0.00043072334284314156,0.14697989381781298,0.24049482989246887,0.012264184598776783,0.005126521202159856,0.2135419194636928,0.0003708351327381885,0.08194335488475064
408,60,738,Comedy|Spy-Thriller|Documentary,0.04838185957747499,0.34609791270363893,0.001525582402249265,0.0011998557076108023,0.16331334247624554,0.001213226784549418,0.09054442871033909,0.014489241780289167,0.06343082468825374,0.007439237904590769,0.003687091195686006,0.05203563366417938,0.09257956644770977,0.11406219595718313
409,55,194,Horror|Action|Thriller,0.19359976619857577,0.00634150152240079,0.023632536174894535,0.03908948541033669,0.10178070549677085,0.07553238751317538,0.01226573311082347,0.10005669211887433,0.23277509472581212,0.00649515793157916,0.19077889800251455,0.012423760022378905,0.001364093317136909,0.003864188454726455
410,33,552,Spy-Thriller|Thriller|Action,0.08976635233955582,0.005860746244806447,0.005012795341850016,0.08192153773499962,0.3994940119867988,0.0005886881404735977,0.00014908359375652704,0.010602324381856858,0.011338815051704162,0.007691286567806679,0.34303931950122,0.026233323475402588,0.013218330586579341,0.005083385053189576
411,73,1742,Fantasy|Sci-Fi|Action,0.08654872953925173,0.047499361792570464,0.0368933325757521,0.08607390457801527,8.750621162205202e-05,0.1695208330121662,0.014398310922859566,0.016629099721598446,0.027982314790537203,0.004282541467405401,3.347137049573701e-06,0.02366065690166216,0.4151478667667572,0.0712721945827527
412,43,532,Sci-Fi|Mystery|Fantasy,0.0015004774310378264,0.11119767055379548,0.056164131496295074,0.07334397842574031,0.012811980687334568,0.25011843184338434,0.0007731229394649274,0.0085806798573432,0.00185349252723661,0.12910821178340792,0.002102530877310484,0.17301434822523112,0.14427983997584318,0.03515110337657489
413,22,651,Spy-Thriller|Horror|Sci-Fi,0.002148584689857982,0.011710384132666157,0.05263386049704677,0.05306855263757816,0.3573111091634751,0.11903228405109037,0.046537915974510735,0.05655486513824642,0.21531819165925184,0.0036125559183603343,0.04102688971117106,0.03860879228697615,0.0024122546203824515,2.3759519386263565e-05
414,29,305,Animation|Action-Comedy|Fantasy,0.005724479965187317,0.02920797444125587,0.20111621359438422,0.011036169159160262,0.031029618574629443,0.034807770431080076,0.00045514415609305677,0.025340698339281136,0.09642575082092132,0.30511545343151036,0.07224110026385529,0.004946338130158622,0.1371582399095709,0.045395048782912145
415,60,337,Animation|Documentary|Crime,0.044281849676032686,0.02659817579767858,0.052946781282928,0.1290506563962093,6.137065402713298e-06,0.039680536409091964,0.016558618110377316,0.11733182519540887,0.02481344434811792,0.30758888947315716,0.029028390038141835,0.04213669279556311,0.0303174765754251,0.13966052683646557
416,48,473,Action-Comedy|Thriller|Documentary,0.054334494276240805,0.0007235649876954662,0.30012027204512953,0.03140569254929026,0.053351001177776115,0.014983087904638558,0.02397217861502515,0.02008937743507916,0.026927742819344704,0.02269568204081917,0.2564157372154134,0.07465141960408697,3.1391291967834248e-06,0.12032661020026378
417,67,525,Mystery|Animation|Fantasy,0.006348321697523956,0.09459596859606904,0.025982955025045773,0.022761561901096534,0.0003786685225827184,0.009131218570763185,0.04160108496650124,0.0032756420807415246,0.000181014574611963,0.21342848493812727,0.0018298089770943944,0.3080317648309491,0.14103359162353946,0.13141991369535383
418,58,724,Comedy|Drama|Action,0.16143142905580163,0.2065056069250905,0.0843068798671302,0.07743379047463296,1.6749990486535242e-06,7.98874539121957e-05,0.19844479181983565,0.14628172448639234,0.018222087548581914,0.05976232690022978,0.0010526680198124476,0.004268801352984928,0.006412498912214996,0.03579583218433174
419,38,957,Comedy|Animation|Fantasy,0.002901487590078649,0.31511823638050274,0.03597393057281959,0.026930162711261602,0.026030503325711735,0.001916911805580331,0.057210959906166314,0.0013191478721845539,0.015085765289684822,0.2671145323395209,0.03902124954589007,0.002396810945723014,0.12654680754935363,0.08243349416552212
420,31,1125,Thriller|Action-Comedy|Spy-Thriller,0.010951970315992564,0.036508244633116395,0.21301730847695705,0.0013797478584603984,0.2002474961740368,0.08392188209959418,0.010375195663522815,0.03479161439690187,0.061436393270962106,0.0274985243310229,0.3073836242998179,0.011984594680266848,3.4019378809666486e-06,0.0005000018614670362
421,72,1801,Fantasy|Documentary|Drama,0.006619143528875005,0.012686201518892166,0.046463732695614005,0.10152845284197455,0.02711116462589498,0.06161997446677911,0.1041228338977612,0.04377714145418033,0.06374143081606423,0.046665098159612096,8.548275011965616e-05,0.0790840067345023,0.24931090139739473,0.15718443511233576
422,22,535,Drama|Fantasy|Documentary,0.08643799442374694,0.03095888762717773,0.009300579588466192,0.0009585219272829317,0.0018746761175855748,0.015979359220217367,0.2725419516118452,0.041791124789829034,0.07109380854667029,0.004650764651167776,0.011988794032478566,0.07889265057982527,0.22136403349227313,0.15216685339143407
423,69,756,Thriller|Mystery|Animation,0.08824447005301095,9.830419004704682e-05,0.027285610332815752,0.01054340428638356,0.004649863677394734,0.0036015026974237393,0.029738112901952923,0.04571550661154618,3.569822141102301e-05,0.1347885565226881,0.3334368540939354,0.16016327045740716,0.0788333746188943,0.08286547133508923
424,13,1985,Thriller|Comedy|Documentary,0.008277626833240376,0.14669988605789042,0.0056295721771758124,0.015991181580954465,0.015056970008948022,0.08990516731063043,0.10104295727846069,0.0746303478324799,0.028406706478614784,0.07326938637195823,0.1714607693469252,0.04081499316931785,0.08704322570539098,0.14177120984801278
425,45,711,Action|Action-Comedy|Crime,0.3497049582716603,8.157597008456494e-05,0.15093228082871946,0.1467133147014698,0.00012802995593046404,0.014640735211972738,0.0006141165259102474,0.0032376329877312443,0.015163678771144277,0.04665888968941027,0.09597553956810975,0.09001000890720352,0.06962464245286909,0.01651459615778426
426,23,769,Drama|Animation|Mystery,0.013848927756186622,0.007763851220583751,0.05145572503491663,6.503929293899091e-07,0.020060952883608124,0.019822047745981054,0.22945730867703848,1.955661112310394e-05,0.08002555993221602,0.20917051201571957,0.00029936720540824546,0.1744490795543524,0.12362958399872104,0.06999687697121562
427,14,354,Thriller|Documentary|Action,0.08487768380592078,0.025426735955326008,0.004524047396723316,0.00019829467601586005,1.65439589648406e-05,0.0077611669078684695,0.008366819897776928,0.04397100573050161,0.05203124614240955,0.009026129548171159,0.5456489686854911,0.04875963365948996,0.03192643354522265,0.13746529009011788
428,27,1675,Sci-Fi|Thriller|Romance,0.06268207876740348,0.04557455249389506,0.015125880605145166,0.0640013699936201,0.007273697516035702,0.29160562039376775,0.019378138130030365,0.09980936259200474,0.09762780682339293,0.03273760241688575,0.18046225190372567,0.0006216011137022304,0.04240498382324863,0.04069505342714243
429,26,1196,Mystery|Sci-Fi|Animation,0.006054697398537202,0.03875301240666132,0.028097804388719155,0.13343361707025864,0.0003115574393999553,0.1516150119203927,0.009604400275829861,0.0015989497580584575,0.021134429517559315,0.14949347110698438,0.11528327871822401,0.22891692430565216,0.1064700744163546,0.00923277127736811
430,63,1842,Action-Comedy|Horror|Comedy,0.030436069911409538,0.1663142519305642,0.17686262557518423,0.08184145406526742,7.583585312560656e-05,0.09951952813939147,0.00031544493301833264,0.008540060771229908,0.170731748501874,0.017071414762364286,0.14196467086528605,0.016658050525256672,3.5295931633704028e-06,0.08966531457286472
431,70,1241,Fantasy|Romance|Crime,0.011208588146521602,0.009180654485725182,0.06665359676861186,0.13177423414896794,4.695448094723454e-06,0.0005823903063527199,0.013717973890492395,0.14607013092264612,0.06810339273625632,0.013485639310597737,1.420137582234906e-05,0.07125739046442317,0.4671187216048163,0.0008283903906715549
432,16,1767,Action-Comedy|Crime|Documentary,0.13495637916341116,0.049061131930563155,0.25104905171010056,0.19131223343410436,0.07228100038725267,0.0019529161803935775,0.01850359896655026,0.002125365451577623,0.06608971521301209,0.0015004647276297132,0.0004896299591924835,0.013056344488123008,0.01717948350502884,0.18044268488306042
433,20,629,Action-Comedy|Spy-Thriller|Fantasy,0.0008618353024954688,0.0003460092687561441,0.34222621800795255,0.038994880394837436,0.2430693154405621,0.004615161693672279,0.014590473916040342,2.863309778476442e-05,0.09522790281092026,0.037353197918823945,0.03819139293875087,0.031862529207826985,0.13468601382436066,0.017946436177216255
434,44,1553,Horror|Animation|Spy-Thriller,0.002875342931498313,0.0035600071940864,4.5508538452897685e-05,0.0011349126415303185,0.18251862261071933,0.025426992280135802,0.010676069125676481,0.0197342001497645,0.27185383140033487,0.22747482733872562,0.11780029608627489,0.0005790458559065466,0.1344604712211542,0.0018598726257396578
435,49,1314,Comedy|Crime|Drama,0.1359024404317655,0.22950390852152444,0.03809492723094728,0.2116144969818309,0.0013558766895987227,0.0049636876092795535,0.17381738815311074,0.05188911936961056,6.0277464637991215e-05,0.02423417408005924,0.007466765736324521,0.045797250571061675,0.015323010063703086,0.05997667709654589
436,42,250,Fantasy|Spy-Thriller|Animation,0.0009915859778044788,0.07204868266889741,0.006478051583291535,0.08102955999876958,0.1923612861524249,0.049844231129181835,0.06650026407192305,9.819027691093909e-09,0.0433641108463129,0.08216092296820969,0.003098169772630492,0.03763613468844432,0.34420804513978265,0.020278945183299434
437,32,732,Thriller|Action-Comedy|Animation,0.021513773945535775,0.014339799666733545,0.15927336491434402,9.070391018388107e-05,0.09199109276278568,0.09618970886846116,0.002546123953865453,0.014116332023496863,0.08660262783801412,0.10729593683653006,0.3404725548827741,0.05296844999850465,0.0047015379191505825,0.007897992479620128
438,74,1531,Thriller|Animation|Action-Comedy,0.10448289130454673,0.10040558700983063,0.17003183682379386,0.0017398024563737477,0.014012645486906002,0.002128556026643851,0.02904417565913191,0.03839828499768193,0.0001388780650620634,0.1890587808707596,0.2819438796962505,0.050061118088094166,0.0032859781166222047,0.015267585398302613
439,45,1602,Spy-Thriller|Horror|Crime,0.04403634936265765,0.13324920707553004,0.03306605603219856,0.15607700547790543,0.1870453398295461,0.13431767208273063,0.037750416398251094,0.00011617938917375691,0.17867931192581973,0.031933924400810464,0.028630509640039832,3.6843874857304364e-05,0.030098817663027598,0.004962366847451998
440,58,63,Action|Comedy|Sci-Fi,0.34930323925362095,0.2620652018560348,0.00252008383432961,0.002340770560771585,0.02948382522373036,0.18300253736697294,0.008814924016924448,0.07818048814666868,0.03175713684458635,0.0001216296347907198,0.0002534172951284413,0.0053279633764281905,0.01324031164063081,0.03358847094938236
441,21,902,Action-Comedy|Action|Mystery,0.24393409044390688,0.013425590439449946,0.510568729628801,0.05389021753041419,0.002111924059687928,0.015793997505912292,0.0067238928991294805,0.0063105413352164815,0.00040796234389942515,0.010752769361498696,0.015832798554885227,0.09466064392732361,0.013925474131785109,0.011661367838089961
442,47,814,Action|Romance|Fantasy,0.2987057822302506,0.10103059759398304,0.0011129339120484665,0.0028332358168572692,0.03195149764245231,0.0773958860542132,0.03781527261472006,0.2092791112625172,0.0040799595233954,0.08317182197588185,2.3668171782570366e-06,0.011086147130271775,0.1290139507351373,0.01252143669109334
443,66,164,Fantasy|Spy-Thriller|Action-Comedy,0.0015892878105923528,0.039834722636508155,0.11803137108198129,0.09252470385302458,0.1832515777293984,0.0021488983767012945,0.10457052453117062,0.011435334986376295,0.06737355611517089,0.07027582650591661,0.0016171104253963472,0.008810764608872777,0.27318013102670063,0.02535619031218945
444,19,1531,Mystery|Thriller|Crime,0.0008620298425238791,0.015032979037200788,0.0704906957994778,0.14195067281861654,6.132435314061082e-06,0.00014869720074625918,0.0009051195517703159,0.04437312451096684,0.05249770565838741,0.0012093766786014815,0.22497992164901043,0.42228376840677756,0.020249269998249043,0.005010506412357578
445,67,1224,Action|Crime|Horror,0.3666018106948234,0.0006723563729698818,0.006011649408312159,0.28022567254867403,0.06967442732197496,1.1620582882063847e-05,3.674134522687228e-05,0.02225167381450428,0.1317277755689571,0.08968860428719061,0.004702607375898583,0.00014174796188310654,0.020541927896659984,0.007711384820042978
446,44,1604,Action-Comedy|Thriller|Documentary,0.0012669124882622555,0.024135210462312554,0.28418335927945815,0.06283934361844519,0.0008146276078603994,0.0448279119379047,0.06322089790334452,0.008385262050751364,0.034968318542470865,0.07264417070482108,0.24711181293561835,0.00897393690824159,0.004605602125719389,0.14202263343478957
447,18,831,Documentary|Romance|Fantasy,0.019317399718199724,9.488338972793541e-05,0.04241170962960279,0.11390289689936275,0.009159093009801472,0.000775649097532835,0.027940171602374705,0.21780229255554912,0.023746777162152073,0.0010434706177115357,0.014870346002853672,1.115146302560132e-06,0.1482123475903429,0.38072184757848604
448,26,711,Documentary|Crime|Action,0.16754485478188014,0.027231481023083388,0.09197351688304939,0.20139226876686991,0.0007423311853983273,0.06040140436524391,0.00019612599810963814,0.07834278689013034,3.7242309672691934e-07,5.515679868713368e-07,0.0057380674025070124,2.5063624468634008e-06,0.021265282679629946,0.3451684496705675
449,68,1370,Drama|Crime|Documentary,0.0001276278534101639,0.02712061819165378,0.0486354121655362,0.2952263279718778,0.03930371263397542,0.035751597650725615,0.35172234670613484,0.08249228057391816,0.00033138497840152055,0.019777516088822125,8.523241647467231e-05,0.006125644127181253,0.009220009374117166,0.08408028926777135
450,20,214,Animation|Documentary|Mystery,0.008981132864812759,0.06564920288847209,0.0046830244181091645,0.03479470145555047,0.09168430237475908,0.002015394532204245,0.0012936150091221272,1.1416871795789155e-07,0.010889149384094902,0.45660039640828654,0.056521843814807605,0.09614243341161509,0.03756957811177261,0.13317511115767536
451,50,62,Action-Comedy|Romance|Action,0.17404220791665231,0.06327108366928968,0.2646656670112715,0.003256575302322608,0.02976205035071789,0.0002473619875664704,8.701166276498117e-05,0.23310746791782908,0.0006622399738788815,0.019104851927197356,0.09313463359477735,0.030593682898577914,0.009114211129481947,0.0789509546576721
452,18,860,Drama|Crime|Sci-Fi,0.010598946956329026,0.013954221316282068,0.0675226823093973,0.2778979215217624,0.012589381865456396,0.17237673964529066,0.34497150182413966,0.008050751959085691,0.0012679258318333514,5.384207669609301e-05,0.0003724560048730716,0.009324593086198301,0.006086557495616777,0.07493247810703935
453,59,1284,Spy-Thriller|Thriller|Horror,0.08953890584997429,0.02195526457040881,0.0763272582882979,0.0018562437074065982,0.18476608038014503,0.0041633585645060225,0.00011126750224303243,0.09663649968040039,0.1114478658959682,0.07108798507492671,0.14411058427820128,0.08562035089826242,0.03749277199884297,0.07488556331041629
454,69,871,Crime|Action|Comedy,0.18327636763745772,0.18311143831226212,0.026740504060053214,0.271573598837818,0.002425126956050678,0.10576944096456331,0.008782812618021399,0.012300082135175673,0.008661890777465113,0.02954759177503843,0.009439176215280499,0.02118125774909135,0.0015833306186527514,0.1356073813430696
455,16,1023,Crime|Action|Comedy,0.196153681532378,0.1565725378043769,0.010269288244508117,0.2093848664574794,0.05446593737918397,0.06475299969919719,0.021454230563385027,0.03828911980026823,0.022340159400630402,0.0030830441715811105,1.0266120389622731e-06,0.00010530539702369805,0.10429225979147105,0.11883554314647798
456,22,1141,Romance|Sci-Fi|Crime,0.04420013334324846,0.0004577939895060366,0.06138283863574559,0.16552231831938624,0.03283536131246861,0.1775625913073736,0.12465203380550807,0.20708594722334256,0.007907953254032507,0.03063883348260398,0.14549911524508627,9.184599488068506e-05,1.0357813718902844e-05,0.002152876273098543
457,72,476,Horror|Spy-Thriller|Romance,0.04304965678545637,0.06451844415468254,0.0003397006657006593,0.0805758200451553,0.11850831078944603,0.08448986478234288,0.028086025275845465,0.09736461081644164,0.3786398691150063,0.03987280420033689,0.003135906068298842,0.013202594465127596,1.2984725626530389e-05,0.048203408110533044
458,13,1510,Horror|Mystery|Thriller,0.048096511743543395,0.00636917041575512,6.961255633595025e-05,0.0003582303017718179,0.042407133574016764,0.012740711063489629,0.0026206688605170227,0.05535673485130837,0.3021955248823258,0.0042046713696739305,0.21832564820792277,0.229584891246476,0.07742574679186073,0.0002447441350025386
459,64,1786,Crime|Documentary|Sci-Fi,0.014844136265707757,0.01844443538493022,0.0005028794209102018,0.6050199250916366,0.002892771167302944,0.0971013086043692,0.010124000858381266,0.0011287384592043744,0.004242380104989313,0.011068388950731976,0.0022971948378363192,0.05079287869974134,0.051578386475402,0.1299625756788564
460,44,628,Crime|Documentary|Mystery,0.017455750318563827,0.11067462376991974,0.06667120746826753,0.32066801674523787,0.00014366362511334494,0.010748545457820578,0.0006050973091523752,0.028346506654512132,0.126449224768434,0.004091802556039398,0.0014076433247001642,0.1442824188669527,0.01030551998750696,0.15814997914777934
461,65,1602,Mystery|Thriller|Animation,0.08863368786720108,0.0044973522236719425,0.06202063982627416,0.022051812612556454,0.028558192841615967,0.05470924137039142,0.028572430165150115,0.008954795430104613,0.08643363040204183,0.09905277386896968,0.2024824505113584,0.25775698623888843,0.049347636441442314,0.006928370200333647
462,73,1241,Comedy|Spy-Thriller|Action-Comedy,0.0005507251294295023,0.3006322252514482,0.17002307338225048,0.12656793348124837,0.24790141645995367,0.002316721458638813,0.10253303802296397,0.0039050104722742063,0.011624082935155655,0.0026939988939175727,0.018092250975908174,2.6957151131334948e-05,0.01287150267975714,0.00026106370592297564
463,16,1671,Action-Comedy|Sci-Fi|Horror,0.11260989113402753,0.06360116815875298,0.36061647110078543,0.0004911892367485656,0.0018933457204976553,0.1879061968741353,0.05787812645654877,0.04439402693026552,0.13096426575941825,0.0003604403993739142,0.00015774013059655917,0.0016478240952137175,0.002756692928335423,0.03472262107530029
464,16,419,Romance|Documentary|Thriller,0.04283123090908253,0.012426246982098654,0.017276041302498813,0.0787196543226118,0.021629921324991672,0.07544565200642533,0.009468533381216209,0.2837786066041738,0.006165455812032389,0.03924197588141763,0.14495217196140292,1.4857652628508392e-07,0.04686692353140843,0.22119743740411354
465,54,654,Comedy|Thriller|Animation,0.001599785535334772,0.4054877628003608,0.01694743522632949,0.005964113273865101,0.0366277445700772,0.07371117992768067,0.007558158067110698,0.0065181015883384276,0.02261619184889955,0.18008292113163896,0.20103854632962168,0.03478003450376658,0.006971218914260214,9.680628271580535e-05
466,21,717,Crime|Romance|Animation,0.11842390873142952,0.01685823204082493,0.00893295913971325,0.32189940378695237,0.0008266343642813155,0.005358946997267041,0.0343659951898201,0.22886130559802606,0.004875739863274187,0.18741137500976393,0.010525451354582264,0.0025050842483755526,0.05268539598597879,0.006469567689710385
467,72,1231,Spy-Thriller|Mystery|Animation,0.0020129434271960673,0.11582699627722211,0.13463389381618332,0.0018303834573770053,0.2113103917504846,2.2060752925712387e-06,0.004416302640618018,6.662734054105604e-06,0.02397743002869429,0.16764221074770877,0.0903171392672215,0.18115501856528907,0.022182395051741213,0.044686026160917526
468,53,1311,Action-Comedy|Sci-Fi|Mystery,0.008153746598041273,0.06443668188793313,0.22581435302345165,0.028495513960944942,0.009545925489310738,0.1907210255928595,0.0030036797073571767,0.09461256611480474,0.011384323588895696,0.05708228557856813,0.11993863544754037,0.18244450798907264,0.0008695817194445857,0.003497173301775436
469,45,653,Drama|Action|Spy-Thriller,0.23996352699574078,0.008873855636869644,0.00378682676261751,0.001004405253264515,0.14988124653236798,0.051442840033762344,0.2476386662318275,0.00015358279132566096,0.01965892054875877,0.06809752906925043,0.009032933367562947,0.0017235875946505022,0.125758987327285,0.07298309185471658
470,51,455,Animation|Mystery|Drama,0.00046646405046957387,0.002327567071645091,0.053458033830935024,0.0054988618708001645,0.0004990656119016645,0.025677679241920395,0.07004259347434835,0.027892092442278436,0.04020396345634633,0.5609548360134647,0.0006140263513791239,0.13671220842264262,0.05778618983804609,0.017866418323822374
471,26,94,Horror|Romance|Animation,0.03453709991917246,0.003449850179521744,0.012019320879816506,0.07005025561790924,0.014078762762182173,0.055645662315223186,0.04027672614041548,0.23584668539294884,0.2733924840632636,0.13086299094196438,0.03206496239721675,7.013646066343845e-08,0.0892913541711858,0.008483775082719197
472,29,1500,Action-Comedy|Crime|Horror,0.10153784803719818,0.0006363631236573987,0.28479809476105955,0.27930442032396136,1.6734720695523352e-07,0.06362138181181692,8.902221588318188e-05,0.028339017834207086,0.14584413231434382,0.00852413854867484,4.754556660059534e-05,0.0460091132748432,0.041178470265321815,7.028457522543473e-05
473,33,1209,Comedy|Fantasy|Horror,0.004263160057153696,0.28392334478338266,0.01072075689032159,6.0273710260322816e-05,0.02913662236995691,0.10748274742136114,0.06971282186776745,0.0014075076536707559,0.12090177207366513,0.10204331300636973,0.026058453943826533,5.2038186008428636e-05,0.20617968707931864,0.03805750095693705
474,17,819,Horror|Spy-Thriller|Sci-Fi,0.0028825124836727345,0.13995661123545125,0.013999030371334736,0.07040600585625038,0.15830242927095006,0.15187246582608366,0.06380425794680226,0.0813658811868627,0.1753512680292857,0.015643001496671565,0.00024224085208806307,0.0027058939845682247,7.24070821278886e-06,0.12346116075176582
475,22,200,Action-Comedy|Horror|Drama,1.9084307511097172e-05,0.0007921683632395348,0.331913031098216,0.004649003156995473,0.00030606025197161884,0.017984117914681862,0.17796275927346303,0.0006528262431439259,0.28774353805932623,0.12013309458458855,0.00045259636448722105,6.214671209361958e-09,0.017236174235933946,0.040155539931770304
476,34,711,Action|Horror|Crime,0.18304137839522414,0.08230784384149863,9.026910882005571e-06,0.12009263615320229,0.005693422945942154,0.07836883304529597,0.04609656352054184,0.09077499728354213,0.15442452678000798,0.037024189135552346,0.04551834322174078,0.0626712245996355,0.0029615575384246834,0.09101545662850959
477,36,1777,Sci-Fi|Animation|Documentary,0.00013998990313535923,0.04126915619391412,0.03565706270560529,0.10608586573233483,0.011531726287297595,0.2400771189531107,0.11247887388775432,1.0099279958019803e-07,0.0011478751543074056,0.22731234770090775,0.062456598853051916,0.00509338117832343,4.379497173646812e-06,0.15674552296028427
478,41,1034,Action|Romance|Documentary,0.41585541119719954,0.018099708721602856,8.175499988555665e-05,3.1674672390007563e-07,0.08955087473405672,0.02289760545939709,0.0979176139153081,0.15918996456808496,0.0001329094383796621,0.06711250742990582,0.011459143233559763,0.0005027466107269981,1.9861483994892966e-05,0.11717958146117413
479,49,1935,Action-Comedy|Drama|Documentary,0.05557699640590634,0.0577553290901811,0.23257203653164646,0.0007874687375193642,0.012838974930283615,0.0988967019817253,0.2311558830293094,0.08206012101924051,0.05456853302544058,0.0003918499969772629,0.012062378379642573,0.003106388893633406,0.014003468729561873,0.14422386924893207
480,64,1260,Horror|Sci-Fi|Action,0.1127075893050255,0.0001888203830075893,0.09589235262484212,0.00022525790763177955,4.2941307130712594e-05,0.1283609537504408,0.02868739406063271,0.02736724296617027,0.5089917353520894,0.009294262448502611,0.0647407624285981,0.02306639099447068,0.00018332321438156599,0.00025097325707611635
481,53,1242,Horror|Sci-Fi|Thriller,0.013514425207321872,0.12481191113015158,0.002701542386845974,0.00012414861155080485,0.0013912931385970046,0.1826585977087416,0.04822959809554451,0.017164652483363532,0.4428611689162592,0.007350808008905447,0.1569268829326349,0.0018192435166852253,2.917474453282374e-08,0.0004456986886538451
482,22,1302,Documentary|Action|Thriller,0.2373998376440312,0.08947838172739113,0.0025031200962149338,4.698761152164465e-08,0.05605265043994873,0.0020179872129401887,0.07484730185230175,0.09648826707582894,0.00443190504413174,0.009350278639717272,0.13152048964641294,0.002954879501863239,0.005347559380902713,0.2876072947507038
483,71,129,Comedy|Documentary|Romance,0.016305429460942027,0.21703900977769755,0.11903513830582005,0.02777467454752426,0.090603666021772,0.0002495167798614903,0.01874309331335204,0.1682862687454901,0.08173652471498848,0.05830653678917811,0.0006163096974882267,7.93816220922083e-05,0.01365114149415447,0.18757330872963887
484,28,1289,Romance|Documentary|Animation,0.026756652765797338,0.051531590475861554,0.04733678093109446,0.01267662034143096,0.02495293736580733,0.015062836636812203,0.0003766591750605125,0.5266504226794357,0.005532928058609576,0.08614333217816954,0.023923385454161634,0.004596802698677361,0.07700572010903221,0.09745333113004949
485,56,1015,Action|Sci-Fi|Comedy,0.23960858454880551,0.13418223012387426,0.0003203635335265293,0.0027617204878733577,0.002092127897455407,0.23188986346416315,0.0012601300711639677,0.05677330116322441,0.011716949369813752,0.11471954135931735,0.037506671626243826,0.009300557335117036,0.10994992211168204,0.047918036907739436
486,70,1949,Action-Comedy|Thriller|Crime,0.002998415516235304,0.01554035404774967,0.4469669181130445,0.1609030240174165,2.5955319182485406e-05,0.022531694492256407,0.010837476791795041,0.013346633015399824,0.00018539541334462265,0.08095481785116952,0.19809067663971305,0.039182437760224606,4.807521235353047e-07,0.008435720270344865
487,57,910,Romance|Thriller|Fantasy,0.0030464122052104776,0.023337752863085495,0.02494861676935599,0.037150305062514134,0.019487266401543343,0.007850986252199404,0.10213615318737315,0.3489294579021916,0.04929867813319961,0.026207141422921222,0.17545441620483027,0.003685884510994693,0.1665665687033523,0.011900360381228367
488,53,362,Documentary|Crime|Sci-Fi,3.4907891053492096e-05,0.01939516904716767,0.031289512968516134,0.3319088090251566,0.0036161886389516787,0.06580148668308795,0.0051813360559345685,0.0007349572684942085,0.008924199658948534,0.0073831235840469845,0.025616873213070036,0.04085787948446359,0.009497998643680792,0.44975755783742766
489,40,351,Animation|Spy-Thriller|Crime,0.004311192382700887,0.0010729303529078901,0.0002123176848160922,0.1066184879988346,0.28712566879487383,0.0002404683571668283,0.00017372732810669035,0.07654529023532906,0.05749653292751595,0.28714293764142274,0.07528995490606981,6.9386239686509e-05,0.0010212042409863083,0.10267990090958265
490,23,1968,Romance|Horror|Animation,0.014327171629421636,0.05760548024719976,0.08519699330056373,0.005320671068090099,0.010918518517815019,0.01895998782762063,0.08739814517952144,0.18560747033752542,0.16060278146454385,0.13281046147873912,0.11844272780429896,0.010029157162634045,0.06829766184744371,0.04448277213458248
491,45,1646,Comedy|Action|Romance,0.19721636483079494,0.22673266383022797,0.14487921173584775,0.017057477187452503,0.13238217325715992,0.0005924138406842738,0.03226937398203551,0.1618438882832188,0.005210315717251781,0.013620210421043295,0.0018018400182499418,0.020752671535840504,0.0019126147882738843,0.043728780571919104
492,35,1001,Horror|Comedy|Sci-Fi,0.10794507313798393,0.18704604836483,5.677722290280835e-05,0.005950522657957412,0.0018416153201178949,0.13401791341355165,0.051511854532376104,0.0008054333345024928,0.29722175014190955,8.243964731267102e-05,0.10867141121177601,0.021927669572407864,0.055835237180026594,0.027086254262345195
493,57,1608,Animation|Mystery|Romance,0.010244469859553946,0.005726563727392353,0.01831467042996202,0.0015338151016134382,0.003599700433606953,0.002393632923951893,0.019056399807632112,0.17780869535510518,0.029563205126811157,0.4321636213750433,0.06707682587266275,0.2155775132387061,0.0002945579277873726,0.016646328820171377
494,46,809,Documentary|Romance|Mystery,0.06102280498822586,0.05040443975932297,0.0301785113074775,0.05624341950847239,0.0004900138404534633,0.049798608459261685,0.11132684630906291,0.23201800384684218,0.0005554086636303683,1.4266231118339964e-06,5.5823865991997984e-05,0.14470120056215469,0.029579048854290003,0.23362444341170238
495,13,403,Horror|Crime|Fantasy,0.11053827266313947,0.03707133930440866,0.0033789538825649305,0.2396121705149121,0.010740933499023412,0.021417423356839996,0.019840780134901637,0.015606399847632865,0.2508649741392941,0.06398089594243007,0.0020893097240612763,0.00010852671483701511,0.19773723778494184,0.02701278249101256
496,54,963,Thriller|Action-Comedy|Animation,0.013805436312560091,0.02744029783726829,0.2438571992455166,0.0065436871895016915,0.03963169334046227,0.0066165060347139195,0.007996397632179157,0.01533336627516561,0.025580203135548204,0.0945136283805614,0.3956502548669005,0.05735924160569378,0.0645218595505802,0.0011502285933484133
497,46,411,Spy-Thriller|Documentary|Crime,0.14655685211177089,0.019508085681095685,0.0018110716942631787,0.18246495275863506,0.28034274993475555,0.0037472993455760378,0.04617522273345362,0.05246164731647817,0.01512677496107704,0.007814932031520276,0.00533759887554821,0.04389271183742339,0.001807764943723836,0.19295233577467916
498,66,437,Animation|Spy-Thriller|Action-Comedy,0.017755082150882222,0.052892703647559706,0.15379336828189688,0.007529913120434638,0.15781783027113416,9.73391515498497e-05,0.06593339716229839,0.0045343611423436115,0.0740876353536079,0.26982755716190054,0.0744474931208521,0.017999640822289185,0.009113112150133254,0.09417056646311772
499,46,1169,Action|Drama|Sci-Fi,0.5673177224765262,0.049988625478864436,0.02956630825383071,0.03685434816631152,0.0006547119273789788,0.07884642477346812,0.15289496015429666,0.0010220845653173879,0.021894918381610576,0.007000225916598666,0.036800159162047645,0.006766296957749617,0.009557676430893263,0.0008355373551060438
500,72,965,Romance|Fantasy|Animation,0.04269300633247898,0.0737286445483031,0.0021240782889070872,0.0001883194520274322,0.00048394162907547324,5.3763342122060764e-05,0.0019155176250460993,0.28524158410929135,0.0022046041563818937,0.24749654797167808,0.0007763765620525232,0.03546970161543605,0.27266151836565167,0.03496239600154822
501,38,1962,Thriller|Crime|Fantasy,0.0044168435801138,0.004945788577422451,0.11374741054432885,0.18318121171339344,0.00403643700677922,0.11079869634924772,0.00022034793417634785,0.0019701501875254023,0.06422921304925627,0.08642238398393012,0.29968689424819134,0.00011945747257202852,0.12622110848276452,4.056870298501229e-06
502,58,1759,Thriller|Documentary|Action-Comedy,4.5869484404501995e-05,0.051817128514921346,0.1280877730492168,0.006802155527486786,0.02425057932431195,0.0038112631826535126,0.12634058639074996,0.007859595674694572,0.0012119478873931602,0.0011148624029669464,0.29029450160456644,0.019660969160480154,0.10312286757998053,0.23557990021617317
503,50,1410,Animation|Comedy|Action-Comedy,0.04732158780683576,0.06566574645248781,0.06332625429709703,5.678388867604447e-07,0.005430823396168181,0.0006382715513443195,4.3382066729564e-06,8.613416544186132e-06,0.03608430380831954,0.6835510393872691,0.0012737596180072573,0.018817905307381186,0.02668440531319541,0.051192383599790545
504,21,1220,Comedy|Mystery|Animation,0.005139147225137784,0.350532255934338,0.07542163345505548,0.07604235593293245,0.002250892348769131,0.02127170989669202,0.000512167929011007,0.03904330921913899,0.023125310020436968,0.18004692082826027,0.009411536236648579,0.19659555269555806,0.010583993292629039,0.01002321498539216
505,23,1258,Spy-Thriller|Drama|Thriller,0.026248925597603476,0.03731718840789451,0.06452575826981649,0.0034752829567668347,0.3869949221455423,0.004553883213888907,0.2308902524043273,0.0011212077823649336,0.02907328577387581,0.022909393474489566,0.11655968247800207,0.003797457866295508,0.0014153416526811297,0.07111741797645117
506,27,999,Horror|Mystery|Romance,0.007609961576837915,0.03184127552345121,0.0008847299869313964,0.010988466280938422,0.0014756409315466411,0.07094696613203746,0.018491102362754804,0.20263237555099275,0.28351385552608777,0.07146687630332155,0.030435009733334576,0.21792325597106782,0.017138321675012638,0.03465216244568495
507,27,486,Spy-Thriller|Romance|Action-Comedy,0.004839277805880681,0.021826478001374622,0.20567079862758322,0.008704502549140517,0.27465353103913115,0.060973948078964585,0.0012810220643331841,0.20816634000640846,0.018763770360137145,4.411687042709145e-05,0.1579978840705196,0.0015422384879866084,0.03551643840803634,1.9653630076824455e-05
508,70,12,Horror|Thriller|Fantasy,0.03824960956587891,0.013826452131717688,0.04795053439211963,0.013762072684816306,0.015594044353137812,0.002303485212357754,0.000731419542684572,0.040744581607223336,0.216924804954541,0.10833847353507403,0.19417958424588405,0.13304114520658258,0.16860583945371893,0.0057479531142632405
509,61,1528,Drama|Crime|Horror,0.05951025312027847,5.804965816352369e-06,0.09115903780886324,0.2180249992400325,0.04310227344724686,0.02690237532657102,0.3026208886609072,0.027035669998349623,0.09329173151376675,0.002873487559121955,0.0009178799928944343,0.027717169434846065,0.08134949440122348,0.025488934530082052
510,63,313,Drama|Crime|Comedy,1.6294813906106113e-05,0.13620602842559107,0.00044165737040439317,0.21238417375804824,0.017779666199049346,0.00015317983034355032,0.42328115809012373,0.027121745072510445,0.009647835772380146,0.0039808316188283096,0.05544861298644088,0.038239870102553586,0.07489238598177661,0.0004065599780437801
511,37,1474,Romance|Sci-Fi|Action-Comedy,0.012573667015367291,0.0039032048845125435,0.12245404770651809,0.025144962508450223,2.3910076557561234e-06,0.2129463773655268,0.0035639652319618903,0.2737090975163704,0.09722746896708977,0.017150354164273664,0.12239854043971565,0.02472988752687745,0.0008715432275520945,0.08332449243812823
512,39,1265,Documentary|Animation|Thriller,0.033692938068497075,0.0005596978689505274,0.09626883908205418,0.004709091067167866,0.020589116480058615,0.046617623503373645,0.06894162569698731,0.07278881954756991,0.0016376206275418002,0.14972470164116575,0.110964226324868,0.0017285702560670883,0.08098171530858875,0.31079541452710946
513,46,974,Romance|Mystery|Spy-Thriller,0.0008545288276135679,0.017282680184716064,0.0013986077480732145,0.044904527517150274,0.14242365170658514,0.05670647349923078,0.02374715898247959,0.3742246500821478,0.0002497702247146943,0.0009667550372586232,0.06134999371583206,0.27366983568253533,0.0021268729501817715,9.449384148127095e-05
514,55,249,Crime|Thriller|Romance,0.0006702602229220831,0.018744538269966377,0.06278669931207356,0.3928009162286713,0.0030789983645291364,0.00273003421322464,0.031227583017828436,0.12069568915513368,0.05571300847728048,0.00013697116102711273,0.14731189314009582,0.10134507710584713,0.06268299591395424,7.533541744610842e-05
515,56,898,Animation|Action-Comedy|Horror,7.641096820043624e-06,0.012005311680720079,0.30134892522836704,0.07787357445896079,0.02396078524816989,0.002655695378774908,0.04599570283864722,0.0024701735932323166,0.14150827295177218,0.357954034474493,1.2069230435833449e-05,0.013568294024001263,0.014686717300981186,0.005952802494624366
516,62,626,Thriller|Comedy|Documentary,0.11776774057632938,0.19020933517437666,0.007420315745629731,5.545173271742659e-06,8.703200238006746e-06,0.016569218790625454,0.00019137543393172766,0.13029943811808284,0.11105195159169212,0.01810287359540644,0.20793612919287974,0.025876693457359653,0.00040638228330528694,0.1741542976668711
517,13,1841,Drama|Sci-Fi|Horror,0.0542127121947461,0.09552865990855226,0.049701137511014695,1.5476676929529105e-07,0.07202879994564217,0.18344686172356406,0.22963776724201507,0.00010537032720176529,0.17863931798114066,0.0104622267400032,0.12170303269361084,0.0005825307490687682,0.0030042597865206078,0.0009471684301505473
518,19,1464,Animation|Action-Comedy|Drama,0.03768727998738986,0.02837291824477073,0.1226735198158822,0.04443901065209488,0.09125560129357439,0.002873186073468732,0.12192575218800554,0.03312406457347059,0.02346637305135925,0.3574864964266108,0.07419011419019533,0.012560765047804727,0.04945555986174668,0.0004893585936262884
519,13,1813,Fantasy|Spy-Thriller|Comedy,0.0031054704604692772,0.16856139376184517,0.012128310441126647,0.027689597466424885,0.1913474822553193,5.5784029814721696e-05,0.01981313372725504,0.0005648965902345132,0.07984931132786073,0.002460367260728316,0.06792438401979076,0.01828690805382466,0.3975918994468225,0.01062106115848354
520,37,371,Documentary|Action|Crime,0.1809143174327181,0.049519059975466406,0.0028780970105132015,0.16373322735806045,0.0888256536005668,0.025823728750291042,0.0025323575797971338,0.00807146624925811,0.00027718692556288855,0.08777117215131293,0.003996503984745587,0.06496387817312961,0.014501379820162271,0.3061919709884154
521,28,238,Action|Animation|Horror,0.23719579807372398,0.10242000728232635,0.00024514173588124173,0.03682031115257433,1.8741035357470047e-06,0.06727229976513624,0.010869826917503147,0.0013884419010639344,0.14833865015177422,0.21153717757844573,0.08034841012856188,0.032562348565331266,0.013068816433098136,0.05793089621104387
522,14,858,Romance|Thriller|Crime,0.06761317546792812,0.011261479331747091,0.040335490132760984,0.0926968882597291,0.08114311719189166,0.022407049450322913,3.574440518459719e-05,0.5186156513800545,6.357460117949721e-07,0.00335646619732712,0.10400544491204597,0.05412193655262448,0.0044040309665972915,2.8900057742098688e-06
523,39,645,Sci-Fi|Drama|Spy-Thriller,0.010026934351640988,1.071922107767077e-05,0.00969576401768965,0.014160910549109704,0.15852186241851998,0.28310799979634765,0.18667905231840332,0.0017495398363542303,0.15462840721915047,0.13212029462213443,0.0020808052088072755,0.04629128168127056,0.00034985458699647804,0.000576574172497664
524,72,1498,Action-Comedy|Fantasy|Romance,0.005578636149480142,2.922130928545695e-05,0.432812253289045,0.07652840825029801,0.060053252048520855,0.006192743783879534,1.2060129243883243e-08,0.08740575605789058,0.009380652898494801,0.051525276271290964,0.07564827168683531,0.004692565387258577,0.15268981270429563,0.03746313810329578
525,16,1224,Thriller|Sci-Fi|Action-Comedy,0.038746652114403715,0.11136919024858632,0.15524689302655703,0.03703022900311886,0.03676343400669153,0.16338314501904097,0.00010670608002130046,0.09028614334222418,0.015913327810258632,3.032986025538307e-05,0.2119293841171861,0.0008174210908017999,0.13173989340220493,0.00663725087864912
526,53,1243,Comedy|Romance|Action-Comedy,0.006846126574279965,0.4398454770904429,0.11689323672082678,5.81053608917329e-07,0.08127290024147875,0.0009718218074452264,0.0001093163723363713,0.29697826792419313,0.003234726947971259,0.0030934786845677664,0.009485574735272796,0.03926172023348473,0.0018467577809868582,0.00016001383310463405
527,23,1253,Documentary|Animation|Drama,0.046906084676912894,0.01157163739218628,0.004799796521057306,0.00770182096525909,3.979174875526385e-06,9.699346543071758e-05,0.1878246849298332,0.027273835679787466,0.0003149672149568121,0.2883220028488968,0.03330076188642773,0.0008313551681441149,0.06970906768987395,0.321343012386358
528,64,1293,Mystery|Romance|Horror,0.09207847815198852,0.10777992391495538,0.09213152204222047,0.00040790926775799446,0.08747880964223059,3.242675322068151e-05,0.009730271837305127,0.16785002189849504,0.14845475612819775,0.0004333714857128751,0.010695321587835385,0.1998642281714259,0.008901717657948807,0.07416124146070538
529,66,1894,Romance|Drama|Comedy,0.05280035724718699,0.12331540776752876,0.04469628023622751,0.013201396489281893,0.02244348451972751,0.04698005564484846,0.1699856449148446,0.3418654816410207,0.017703289248176185,0.059765563010842904,0.0022913762573338087,0.001258579728411039,0.07119895558868082,0.03249412770588868
530,63,1695,Horror|Crime|Animation,0.005158310033732348,0.02743353659548001,0.002633055818907623,0.24767469112842488,0.003946315579104529,0.002541165533291444,0.0388118998971014,0.0003354546252506801,0.2927891774852137,0.11453399118724683,0.0025046236642158365,0.05803893908667611,0.10169451484872585,0.10190432451662887
531,36,1630,Fantasy|Drama|Thriller,9.045813009825855e-06,0.08100781121326002,0.04907340163030087,0.0009765622192181824,0.00628977820595809,0.12293717937258496,0.17462101076631423,0.11728313939227275,0.02063736179042916,0.003246477499761024,0.13877537760829933,0.004313479675235869,0.2798274096050338,0.0010019652083218086
532,43,771,Horror|Sci-Fi|Action-Comedy,0.033720348518652576,0.03914357367186491,0.11613014329722186,0.059447535030317945,0.07257350488487208,0.12418304752767007,0.0006853875371775672,0.09853559244574633,0.2094697195088945,0.1117809746882009,0.0012352099781580263,0.0055112899983245445,0.08339298656532844,0.04419068634757043
533,42,1603,Thriller|Horror|Romance,0.015464437393476912,0.0014186560259698076,0.004337130606589406,0.014091662010861778,0.03940301216645542,0.05535226753414748,0.020291042754745497,0.0943807432940916,0.20377476310625978,0.06706083015283186,0.3929870383389687,0.02481521508754325,0.05929313622046946,0.0073300653075890915
534,52,608,Action-Comedy|Crime|Horror,1.2450565594266456e-05,0.05526524938087646,0.3980731639628171,0.16512626577337264,0.0370520173794618,9.560385018946607e-06,0.024385936609632463,0.005500947265080725,0.11266985401686956,0.036694917236808594,0.09051709694990816,0.05599423674426928,0.018627566109165307,7.073762112461868e-05
535,74,486,Spy-Thriller|Animation|Crime,0.007134123249539364,0.003966368164533324,0.018904571996487006,0.1182963779640527,0.3671840126064843,0.02744858534773289,0.0025303848856953574,0.002098187166053975,0.0257130002963236,0.3253166856233383,0.03983471094513275,0.02688414775717374,0.01985184889542678,0.014836995102025954
536,46,599,Sci-Fi|Documentary|Fantasy,3.3877880323343025e-05,0.035867563985861405,0.0013184760473847694,0.01888284420835071,0.00768880490626789,0.2996442629109304,0.06767882559605011,0.14145269587879444,0.00022971461368317668,0.00403178805318308,0.0071181415945398676,0.01865941808634694,0.17178470734224272,0.22560887889604134
537,37,1792,Romance|Documentary|Sci-Fi,0.00115723438465127,0.029705512771796887,0.09253481162600034,0.1341191900442733,0.08213656064415932,0.13610499583814362,0.10338968423873317,0.18749661672808116,0.019039252742511305,0.04041974026668175,0.00428123304906203,0.013117951442649836,0.0027057901294974714,0.1537914260937585
538,38,167,Romance|Horror|Fantasy,0.00738726681211307,0.05019109757754801,0.11405811290484578,0.08937117624792135,1.602185852775215e-05,0.04827947753083376,0.00043240370896909045,0.18830316886395548,0.1560546637480393,0.0007109867462841642,0.04309673550282154,0.007114642142181194,0.15547283278720556,0.13951141356875393
539,19,429,Sci-Fi|Spy-Thriller|Action,0.11134090529092212,0.05229584713045513,0.06778410815654659,0.004079494649335049,0.15040802380572946,0.3681121151184075,0.0006702045111408329,0.03948301532297232,0.01468931875258055,1.0055766152628676e-07,0.038875551055914996,0.10614161612391397,0.0212270007919918,0.024892698732428317
540,69,832,Spy-Thriller|Comedy|Fantasy,0.0012324364192072765,0.23654297644450306,0.05885146008037136,0.016408804204886145,0.31995933307957347,0.03037360524079954,0.05422585152801916,0.05426161052734262,0.0031323038281087017,0.010869252350338539,0.00940988594583578,0.006977392706075393,0.18100837742660128,0.016746710218337593
541,23,1013,Documentary|Horror|Fantasy,0.04180931308934386,0.14346853227725148,0.048993074664832326,0.00089659024359835,0.011106441071835036,0.001990637005774186,0.04275916374555865,5.351744040965609e-06,0.21728678797869289,0.0304709073295649,0.012633434820151637,0.0010544486266872973,0.1691375122513773,0.278387805151291
542,16,567,Action|Comedy|Romance,0.24098974461725345,0.18446941369742859,0.07260562145915817,0.02866186339394063,7.477767781837355e-05,0.038969018302707784,0.1519435467329551,0.16395780463098827,0.0004471238269196949,0.028423474127356015,0.07404295217780006,0.007769808988980318,0.005132092008750795,0.0025127583579424716
543,48,1180,Animation|Sci-Fi|Mystery,0.0008396491712817409,0.03637077398377318,0.11557711993218397,0.0007677512317796801,0.12121054690687835,0.17660809563073343,0.00036281991055511575,0.06553260214216414,0.00012766277329535325,0.18903249153634624,0.03844125032649945,0.14599534393582328,0.001970988670932584,0.10716290384775344
544,25,1489,Sci-Fi|Action-Comedy|Documentary,0.0022738266775139825,0.06483441285269241,0.27792886081791945,1.2665455630981427e-09,0.055046469269157274,0.32435738648987633,0.0067308936354399775,0.0008906563032217545,0.03667974623993527,0.03269556910221688,0.006204015700369358,0.0008474824510955564,0.00031294999627758384,0.19119772919773842
545,28,1261,Sci-Fi|Fantasy|Romance,7.109328938056711e-07,0.014892795133093975,0.07394243394902014,0.028689362908283073,0.0053390112221413655,0.4159572543898007,0.014074224127045508,0.11424790219048345,0.024803372109762457,0.0419961126728571,0.061258653145551914,0.0015777679814120477,0.1905943661894657,0.012626033048188729
546,19,1017,Crime|Animation|Documentary,0.03014181150616407,0.04626136432999604,0.01095870184548684,0.28277068507389225,0.03949516029948636,0.004256479989425726,0.008578602106213641,0.0018370264296642476,0.11912270202857787,0.21090081439998495,0.011219519919212793,0.01762168782342355,0.0359562488231208,0.18087919542535097
547,60,605,Mystery|Thriller|Crime,0.0073975820858654335,0.06283241007847626,0.011595584479725139,0.07149396664274281,1.8134165646585078e-06,0.025680542753273423,0.004346881915707178,0.019343860330510904,0.05867453709765368,0.01391331400209748,0.32666660776447964,0.37254493721863713,0.002587560875571084,0.02292040133869504
548,44,449,Comedy|Documentary|Sci-Fi,0.045742109243911304,0.30763561462635974,0.05743764665737086,0.06693169278930551,0.04429971056585663,0.16442663692981893,0.007643583183882216,2.5398641580167296e-05,0.07675388138843049,0.008975310717836424,0.015765787085786256,0.02809055949388529,0.006815888198996254,0.1694561804769799
549,24,1590,Documentary|Animation|Fantasy,0.023389925188973704,0.0002719300919902531,0.0008185680160827474,0.012632748858215782,0.0007824557047984315,0.01827394690574775,4.0790464562872906e-05,0.14561652532251987,0.006216092448769437,0.2843494165362658,0.002645940044101725,0.006583775641093485,0.15660163800154187,0.34177624677533636
550,48,1384,Mystery|Crime|Horror,0.00017159195233737844,7.522069019162645e-06,0.0005038829067694581,0.18440951198922273,0.0936930154674993,0.09826304337119438,0.04262915225733799,0.0038240524625631172,0.12488366285758722,0.009953329015130182,0.06193786818621309,0.3170342097837365,0.04782255525524752,0.01486660242614228
551,19,680,Fantasy|Mystery|Action,0.1370321853218382,0.03378587365227767,0.10994691649878643,0.029734403360621255,0.021347453980359237,0.01071190145555863,0.1108998376272824,0.008410659724269184,0.014876069776999516,0.02094984085524234,0.03406585887205421,0.19528186014253426,0.25577522503143024,0.017181913700746506
552,36,709,Action|Fantasy|Documentary,0.46720126566678893,0.004256183853181429,0.08860351303842373,0.057702964628229575,0.002195742900900941,0.061840017488365345,0.033157308604038815,0.012738048506125596,0.004626603119021554,0.03178963275986582,4.2829340637911385e-05,8.04367457252719e-06,0.144438333945655,0.09139951247419283
553,73,481,Action-Comedy|Mystery|Drama,0.08828599381195344,0.015958550427288127,0.16249942659166206,0.03889502408470906,0.10511663300587652,0.04138909579260736,0.13422865049591592,0.06957474382399634,0.009408230993256377,0.12800985940819837,0.014931109163696466,0.15781704213963121,0.033885377403775736,2.6285743293713477e-07
554,61,702,Romance|Mystery|Drama,0.0012684191833281227,0.0769155942430349,0.0001156623352723472,0.0022141412921762686,5.893288846712703e-05,1.7608641585323363e-05,0.10571643752568632,0.5122823893412931,0.0019628998878287143,0.014863952385699384,0.07654907272330186,0.20134808548799554,0.0008289858886681597,0.005857818175662734
555,68,1269,Fantasy|Action|Thriller,0.15490026307569985,0.024388586202708725,0.022270479043024215,0.020242154078376436,0.00011207421537866816,0.08291081181189927,0.053010673318971024,0.05338329601469062,5.303180001616446e-06,0.006320395307443196,0.11968516278910994,0.07070824753949762,0.3585171969181034,0.033545356505095374
556,40,1562,Action-Comedy|Animation|Mystery,0.04064871027795322,0.042265718568279737,0.2578018841381746,0.0017584136587932473,0.0005027601854011402,0.134341279018953,0.026672807311383006,0.019085737013769997,0.001104521832726888,0.23942066785199734,0.08659973179250766,0.13579799515650826,0.006100812390400743,0.007898960803151198
557,29,1110,Fantasy|Crime|Horror,0.04475113619345039,0.0006173955706824763,0.030764239383387237,0.16171056648894339,0.05106305918009859,0.007646331382845129,0.0012051361044812994,0.0226029372501214,0.10888386704893332,0.01972177318446359,0.006134920653538885,0.0024327434390972935,0.45163817660563815,0.09082771751431884
558,46,1736,Crime|Romance|Comedy,0.030500092178786978,0.17744006326444403,0.1429619135701186,0.2151425254002394,0.03942563585778253,0.0962536874929949,0.03861010109872849,0.17775682235204068,0.021200964461196996,0.0009317575276477316,0.0022953131685396378,0.03945441545558651,0.01795997492746344,6.673324443012943e-05
559,70,619,Thriller|Sci-Fi|Spy-Thriller,0.014710622427572564,0.012324267012345012,0.08797585260274819,0.1125455102778106,0.12639967673454333,0.1914519619249354,0.0013237142732775969,0.014178895812475611,0.09171815482355826,0.0024987486455808386,0.23166231834949438,0.07412415043213881,0.013365836398075445,0.02572029028544422
560,29,143,Horror|Spy-Thriller|Comedy,1.7885348841531294e-06,0.15777673167270148,0.0209939799303321,0.09351228900945302,0.16464688981379222,0.10506167220845954,0.001220341656710211,0.036633962110902966,0.34791253936422195,0.027009914461853045,0.00020139802130680136,1.0128296144715313e-06,0.030269172198707332,0.014758308187060767
561,32,367,Action-Comedy|Sci-Fi|Romance,0.004148258875948104,0.0024683712810807186,0.5169544452868674,0.0034093008945076174,0.049460119190666035,0.19721284775033587,0.03143890243838801,0.0665659197451314,2.571287998258776e-06,0.05862862668777902,0.004430425057617077,8.460176113471229e-06,0.02906611912322179,0.036205632204345126
562,57,199,Romance|Crime|Action,0.15785316522917273,0.10981367371911717,4.3359398836672025e-05,0.1616466107992989,0.00029928762474291996,0.009961852156400289,0.020421703740843483,0.2876382542866502,0.0033019893552942727,0.13913002569342678,0.00546307275017297,0.06172121169092068,0.00026138321816891,0.04244441033695404
563,57,557,Spy-Thriller|Romance|Animation,0.027086885791148894,0.010000739086080603,0.005888938213329001,0.03535226799015009,0.28922537248759256,0.0052684884475177034,0.10092541104214077,0.26402331307606863,4.9486743535783975e-06,0.1881242006863509,0.0002516604848924745,0.005272810085806003,0.0475021545222577,0.021072809412311197
564,32,1404,Animation|Documentary|Drama,0.07428829480312722,0.022050717168031843,0.08253000837933366,0.007310498815332776,0.02344972463187142,0.004834766870950417,0.13947332889377023,0.026467126035474492,0.041137131478513805,0.25993406364991267,0.0019137153023105935,0.001990312008167937,0.1352450046117434,0.17937530735145965
565,72,854,Action-Comedy|Documentary|Action,0.13569154382897003,0.05186013838059695,0.43046425339835714,0.007060637608145473,0.01805640017807832,0.04085623403770659,0.039543519850624466,0.03289946289929814,0.0011619999326817729,0.020272181784033047,0.0009306181177224451,0.05030925449206333,0.010590451047163439,0.16030330444455873
566,31,1987,Horror|Documentary|Comedy,0.02351666824094994,0.14601913440227707,0.13189133288773897,0.0143419343585547,0.025551411787269072,0.013324988768796344,0.004545312122330432,0.006709507311017768,0.31089255581418485,8.448509056266433e-05,0.0011352484765450933,2.922493566424361e-07,0.11887986284852856,0.20310726564188783
567,17,1048,Thriller|Fantasy|Horror,0.010439149636958552,0.01897058420266429,0.021352678089030932,0.0002205032563670009,0.01921374196112135,0.05536808055641712,5.325034811611531e-06,0.06467948182884481,0.14593826314917074,0.0006807615458466061,0.3966314831054091,0.0007406808719396662,0.18402744638693727,0.08173182037448086
568,52,1113,Crime|Thriller|Spy-Thriller,0.003190798302436482,0.050909452460432235,0.07560435023641453,0.2290230199488572,0.14225151158694677,0.003280296202267974,0.00023945963290644196,0.00012405346797761017,0.07780514737654913,0.009612234984813192,0.20686731205884315,0.009169594116417877,0.06393053435409349,0.12799223527104384
569,31,1475,Documentary|Action-Comedy|Action,0.14321215406850804,0.0014283097204984007,0.1978088983519856,0.001112699102832818,0.0008404853198075157,4.124158606628165e-07,0.041706747622055305,0.0002584012153032771,0.05942319560133573,0.05132490512291356,0.09022505245376708,0.0019925133406653167,0.12814104768244663,0.28252517798202015
570,21,733,Action|Crime|Spy-Thriller,0.29841050688704235,0.054735429066428434,0.006677015238350288,0.2071411008822171,0.17280350218275156,0.004674965255992329,0.014566755708346056,0.1465518866780348,0.0014097179607484738,0.026064010624512867,0.00040869595998553946,0.0035058671405142324,0.0035472101500832773,0.05950333626499258
571,42,685,Action|Romance|Animation,0.2485995247332859,0.05992667436055476,0.1340526416668103,0.0010485427266367475,0.007476912700699336,0.0010726782002049339,0.05357216199292889,0.18382680324119166,0.004526724517135404,0.1445444852446627,0.021080480814998692,5.276860021959136e-05,0.1402168878853618,2.713315309445339e-06
572,33,1206,Thriller|Comedy|Crime,0.0029703490258005086,0.20134529110593577,0.05393482709206437,0.1907510872719448,0.06709439985267032,0.044045668279733226,0.0006680651166308528,0.0028511224060640836,0.0017200866993596997,0.03714293523770416,0.2637003120991224,0.00044912253528211945,0.060349260009673715,0.07297747326801389
573,37,1518,Crime|Comedy|Documentary,0.07849109047107689,0.13356894799568017,0.014500323365787406,0.47778698088110577,0.004306291338362141,0.06290358385336256,0.04059966575865577,0.038896828271415516,0.017566810198781545,0.0050710283497033505,0.0024012643395098865,0.015093826508360721,0.01952167530062318,0.08929168336757534
574,21,938,Spy-Thriller|Action|Animation,0.17238722849174826,0.01187185283397821,0.09920634987878683,0.08777815991733631,0.17632319086648157,0.016331368835348952,0.0937361388488747,0.022990934787444826,0.04320442168356895,0.1082136678761378,4.585730840687435e-11,0.09399759815295947,0.024803421964702744,0.04915566581677406
575,13,830,Crime|Comedy|Mystery,0.09269745354031361,0.12630837661160643,0.0402891350379488,0.47899812580514556,1.63669269384679e-07,0.018352987257108495,0.004480479254692516,0.005430248470756804,0.015398748319674221,0.02748041438194573,0.04789808560159593,0.0989019179544086,0.03543363687539882,0.008330227220135267
576,37,1062,Documentary|Crime|Romance,0.08297426088023928,0.0002879400734677345,0.09875482229893168,0.2395157822442866,0.0013665978417135155,0.08875136347420273,0.000830258265897614,0.10617302919601779,0.10232429598584517,0.015123834616984194,0.0015713043670754691,0.0019300320113870486,0.009629336685535348,0.2507671420584161
577,62,1396,Animation|Comedy|Crime,0.0035479504491754657,0.12563139124472564,6.969879899146027e-05,0.05047571688397686,0.004083873230944457,0.04711768096305666,0.04804003650678118,0.009120713986000428,0.0007207121115793135,0.6387061945615722,0.04344116995656471,0.000530646370253374,0.023648858368666228,0.004865356567712324
578,74,1217,Fantasy|Crime|Animation,0.05402900529766548,0.051035383271749044,0.05830562688094443,0.15133898294492798,0.01689268905943811,0.008137056705290071,0.0025452066786553445,0.007474400160740899,0.05370306965667283,0.12542964245032098,0.07552043570788662,0.06396731383957432,0.281264833030857,0.05035635431527696
579,74,1429,Horror|Drama|Documentary,0.11869170469857314,0.12293574158931556,0.011238985774181675,0.02126937305823674,1.1868987628141321e-07,0.011731940996950792,0.13023743416628683,0.044578254612830576,0.3827879645178954,0.005865716191146928,0.01591472570770016,0.011617833387633534,0.00011609694357767383,0.12301410966579476
580,66,1133,Comedy|Sci-Fi|Drama,0.13990837466564182,0.30244328605645876,5.307638073312661e-05,0.006493104298999657,0.07285936710930241,0.2179423964625294,0.15075149502390242,0.0011112075521431451,0.048420305967207186,0.0009268489118143615,0.007872893991020095,3.031200330455892e-07,0.045367804545924664,0.00584953591428962
581,24,799,Romance|Crime|Animation,0.14882855861160638,0.0013506503961295195,0.0002096034267954368,0.22540259487731026,3.432858633823646e-05,0.09344079076412397,0.06139553261504739,0.24235382253285082,0.011921694510744802,0.17802920072854028,0.017223147251757272,0.00011721355332059489,0.004333664974610793,0.015359197170824117
582,38,1587,Action-Comedy|Comedy|Action,0.16669000348811538,0.21241437803399632,0.23559099778465095,0.0027113697656816474,0.042279780161800694,0.0003079590328985656,0.08833097120695609,0.01686723457436759,0.0383441874157117,0.004096197485554921,0.03460960158113243,0.002944422959144306,0.0659283942274457,0.08888450228254383
583,20,490,Action|Crime|Mystery,0.314372386711353,0.07687444735188959,0.028795049568576717,0.1606452822349949,0.018323387853017632,0.00010002302200147635,0.11265261173843996,4.04637702448169e-05,0.0026236708413049275,0.003718507361715329,0.09613428811458441,0.14260024082183065,0.0427358109975154,0.0003838296125310804
584,13,1406,Action-Comedy|Sci-Fi|Animation,0.12428029344058837,0.02874800730705687,0.22751943327092933,0.036704214955050427,0.014941572449211363,0.21390574463985032,0.059254512486968905,0.09142021208952851,0.04738539174059564,0.12464805666462768,0.012979740516399716,0.004946199632032412,0.0005697428381385957,0.012696877969021839
585,59,1267,Fantasy|Thriller|Comedy,0.012773667090354279,0.11126213011518941,0.03951000203306156,0.06746393036308031,0.024530514874518135,0.09268790144587301,0.034879204867883803,0.08217024172015733,0.04401891076530142,0.005400329710875299,0.11482456694965629,0.0866285198392551,0.2835247848228817,0.0003252954019124562
586,66,1417,Animation|Action-Comedy|Thriller,0.015788826460995976,0.011800616714562905,0.18614818660557367,0.059043889240986275,0.00396012186696422,2.5694821477520076e-05,0.011609576194509275,0.0010939678008626663,0.006289617923848278,0.4215131048260501,0.1361459681103011,0.08761167787283321,0.043213260084135736,0.015755491476899218
587,54,993,Mystery|Animation|Sci-Fi,0.1182942248882742,0.00021382046736251212,0.00742830184911732,0.09526801051624134,0.00022927135122038613,0.15804662006121784,0.026664886033551462,0.023286722471895883,0.000284957335141808,0.17009020591378995,0.05567094342736957,0.2264274498091925,0.11019325560443662,0.007901330271188526
588,21,379,Thriller|Crime|Documentary,0.00011280560837569612,0.00316297860749405,0.03326901006216076,0.24880410379778864,0.05079921890606682,0.0023934603499163715,0.008231951201431262,0.014690094758311577,0.00356410797505127,5.931429147335203e-07,0.537686077815259,0.0021623953796247883,1.556219432878405e-05,0.09510764020127609
589,56,1565,Fantasy|Romance|Spy-Thriller,0.07080532044277736,0.06095496838659977,0.12109333944381814,0.07690742709042231,0.16076415023892646,0.007128651991983182,0.07298618423585716,0.1859194687170975,0.03003436984830444,0.000312280926614159,0.00014376432155468368,0.0018607816954893045,0.21106195767131422,2.7334989241243913e-05
590,33,914,Action-Comedy|Spy-Thriller|Crime,6.634134776452127e-07,0.0006553280239942925,0.4702750961410271,0.17878407101898067,0.19227747606826256,0.09184473507784124,0.00015225928888054264,0.003772752381637578,0.0030449910569836044,0.008285658462131487,0.001160929591934119,0.009843337359210315,4.9201198176360114e-05,0.039853500917462675
591,43,1562,Documentary|Crime|Sci-Fi,0.004948326403156024,0.025965699190400572,0.03876690737308875,0.2930820627415243,0.0025248053409375557,0.12967626630910448,0.010643946441596212,0.006377102415058842,0.017209686814613226,0.07273883981662904,0.0744746726176383,0.0005223652474652126,9.211132361140693e-05,0.3229772079651759
592,18,882,Horror|Action-Comedy|Action,0.1220664368921014,0.03735524231216288,0.14645266405437257,0.10990350279333445,0.02061794385767298,0.008783417453845276,0.007112473703986523,6.020349496960456e-05,0.2882750429637133,0.026901075975804056,0.06136693108456944,0.04476926780867148,0.10896756216298027,0.01736823544181594
593,66,889,Action|Thriller|Horror,0.3847887594980241,0.04197392601412073,0.016009149428276064,0.015093609528057422,0.00010888862601533344,0.016172287220329252,0.006726026226162741,0.003430827681067642,0.07879175790986832,0.013096873218176649,0.38233450618789117,0.006183922143113919,0.00034823461133826636,0.03494123170755845
594,62,1318,Thriller|Animation|Action-Comedy,0.054649428293203295,0.07273137602391527,0.10135056035486747,0.00023495950751523106,0.002696118468338308,0.015994567299158054,0.07635380689418754,0.010402162444338274,0.0009042120915318263,0.14098766667828577,0.4864464002709383,0.02326081415161194,0.009443175602018348,0.0045447519200904314
595,34,1101,Action-Comedy|Spy-Thriller|Mystery,0.05295449328745576,0.0023138801988662307,0.28086992941794137,0.028209829521145785,0.26965043731151633,0.004311989556372936,0.07471509508713402,0.0020055920527012553,0.03353707377866511,0.008694854032879108,0.053702350887261815,0.15127982681176458,0.0344063301905447,0.0033483178657510246
596,18,270,Animation|Action|Documentary,0.20731681057717752,0.08272234256665052,0.03975486439880814,0.028588791758921324,0.004161439469996393,0.06347579341091336,3.7091948082781485e-06,0.01702833880295941,0.0009945445498979774,0.32531225657613966,0.016135626079345624,0.0006160777439010995,0.03381486816980036,0.18007453670068033
597,45,342,Animation|Documentary|Drama,0.04856697614807886,0.00023307272249318954,0.001885831216858428,0.001985297216962311,0.0037701551312043775,0.03822034598075653,0.06017019299802102,0.053303106211791886,0.02179762543497216,0.4450664035613936,0.0003165009717084679,0.002274622897541553,0.012067911122918613,0.310341958385299
598,49,1434,Drama|Animation|Sci-Fi,0.00015919643411128916,0.007914117432875617,0.015267207313948967,0.06123933970886746,0.0565834966657412,0.13172032523916508,0.3541882294700924,0.031817917738121565,0.006645131848777239,0.17407016997108798,0.08317173490474195,0.057591788524824376,0.01707460310321528,0.00255674164442939
599,35,944,Crime|Documentary|Action,0.08722438338743131,0.006253354626229776,0.029011060456627987,0.5581873892969175,0.0033490442367902174,0.03825574118889155,0.04080109800383251,0.004467984484557244,0.08011815256388657,0.008026371653296461,0.0004696661399269402,0.05400008766533092,0.0012243948403406126,0.0886112714559407
600,37,1236,Spy-Thriller|Fantasy|Action,0.1007959319674267,0.08452413960335221,0.00019464561587433416,0.012800055443442383,0.5496715062244169,0.04776067868536863,0.00011095296341538839,0.006287161369270386,0.005021147255696081,5.5063780920479165e-05,8.092427416273462e-05,0.00032621537963189095,0.19231721477454936,5.4362662472605316e-05
